"Season","Sector","Category","Crop","QueryType","QueryText","KccAns","StateName","DistrictName","BlockName","CreatedOn"
"NA","AGRICULTURE","Others","Others","Government Schemes","Info regarding PM KISAN YOJNA?
","NA","UTTAR PRADESH","LUCKNOW","MAL","2019-03-01T08:38:19.297"
"NA","HORTICULTURE","Vegetables","Bottle Gourd ","Seeds and Planting Material","Variety of Bottle Gourd...?","NA","UTTAR PRADESH","LUCKNOW","BAKSHI-KA-TALAB","2019-03-01T09:17:32.247"
"NA","HORTICULTURE","Fruits","Mango","	Plant Protection	","Aam me mango malformation?","NA","UTTAR PRADESH","LUCKNOW","MALIHABAD","2019-03-01T09:20:11.587"
"NA","HORTICULTURE","Fruits","Jack Fruit","	Plant Protection	","Kathal ke phal kala pad rahi hai  ?","NA","UTTAR PRADESH","LUCKNOW","BAKSHI-KA-TALAB","2019-03-01T10:36:14.62"
"NA","AGRICULTURE","Others","Others","Weather","Give me weather informatin in district Lucknow ?","NA","UTTAR PRADESH","LUCKNOW","KAKORI","2019-03-01T10:51:45.27"
"NA","AGRICULTURE","Others","Others","Government Schemes","Information about toll free number of Horticulture Department.....?","NA","UTTAR PRADESH","LUCKNOW","SAROJANINAGAR","2019-03-01T11:16:02.803"
"NA","AGRICULTURE","Others","Others","Weather","Information about Weather of District. Lucknow ","NA","UTTAR PRADESH","LUCKNOW","BAKSHI-KA-TALAB","2019-03-01T13:11:08.98"
"NA","AGRICULTURE","Others","Others","Market Information","Information about farmer's fair date?","NA","UTTAR PRADESH","LUCKNOW","MOHANLALGANJ","2019-03-01T13:58:25.72"
"NA","AGRICULTURE","Others","Others","Government Schemes","Pradhanmantri Kisan Samman Nidhi Yojana Information......?","NA","UTTAR PRADESH","LUCKNOW","MALIHABAD","2019-03-01T16:23:16.753"
"NA","HORTICULTURE","Fruits","Mango","	Plant Protection	","Give information about plant protection of Mango fruits ?","NA","UTTAR PRADESH","LUCKNOW","KAKORI","2019-03-01T17:01:50.57"
"NA","HORTICULTURE","Fruits","Mango","	Plant Protection	","Information about control of mango malformation disease in mango.....?","NA","UTTAR PRADESH","LUCKNOW","MALIHABAD","2019-03-01T17:54:24.65"
"NA","HORTICULTURE","Medicinal and Aromatic Plants","Satawar","Seeds and Planting Material","Medicinal Crop Cultivation information.......?","NA","UTTAR PRADESH","LUCKNOW","MOHANLALGANJ","2019-03-01T18:13:27.023"
"NA","HORTICULTURE","Fruits","Mango","	Plant Protection	","Information about control of mango malformation disease in mango......?","NA","UTTAR PRADESH","LUCKNOW","BAKSHI-KA-TALAB","2019-03-01T18:44:01.623"
"NA","HORTICULTURE","Fruits","Mango","	Plant Protection	","Information about varieties of okra……….?
","NA","UTTAR PRADESH","LUCKNOW","BAKSHI-KA-TALAB","2019-03-01T18:46:17.83"
"NA","AGRICULTURE","Others","Others","Weather","Asking About Weather Information in Lucknow..?","NA","UTTAR PRADESH","LUCKNOW","BAKSHI-KA-TALAB","2019-03-01T20:19:10.683"
"NA","AGRICULTURE","Others","Others","Government Schemes","information about farmer registration of P.M. kisan  yozana ??
","NA","UTTAR PRADESH","LUCKNOW","MOHANLALGANJ","2019-03-01T21:51:08.14"
"NA","AGRICULTURE","Others","0","Weather","Weather information about District Lucknow ?
","NA","UTTAR PRADESH","LUCKNOW","BAKSHI-KA-TALAB","2019-03-02T07:32:20.407"
"NA","AGRICULTURE","Others","Others","Weather","Please tell me weather information in district Lucknow...?
","NA","UTTAR PRADESH","LUCKNOW","GOSAIGANJ","2019-03-02T07:50:05.64"
"NA","AGRICULTURE","Others","Others","Weather","Weather information of district lucknow ?
","NA","UTTAR PRADESH","LUCKNOW","GOSAIGANJ","2019-03-02T07:52:26.12"
"NA","AGRICULTURE","Others","Others","Weather","Please give me Weather information of gosaiganj in lucknow............?
","NA","UTTAR PRADESH","LUCKNOW","GOSAIGANJ","2019-03-02T08:21:17.483"
"NA","AGRICULTURE","Others","Others","Weather","fungus control in the cucumber.......?","NA","UTTAR PRADESH","LUCKNOW","GOSAIGANJ","2019-03-02T08:23:19.62"
"NA","AGRICULTURE","Others","Others","Weather","weather information district lucknow
","NA","UTTAR PRADESH","LUCKNOW","MAL","2019-03-02T09:08:18.64"
"NA","AGRICULTURE","Others","Others","Weather","Weather Information of Sarojaninagar District Lucknow ?","NA","UTTAR PRADESH","LUCKNOW","SAROJANINAGAR","2019-03-02T09:15:01.623"
"NA","AGRICULTURE","Others","Others","Weather","About weather information of Chinahat on Lucknow District?","NA","UTTAR PRADESH","LUCKNOW","CHINHAT","2019-03-02T09:25:52.547"
"NA","AGRICULTURE","Others","Others","Weather","Lucknow zile me Chinhat Shetra ki mausum ki jankari chahiye........?","NA","UTTAR PRADESH","LUCKNOW","CHINHAT","2019-03-02T09:28:27.38"
"NA","AGRICULTURE","Others","Others","Weather","Asking about weather information in Lucknow ?
","NA","UTTAR PRADESH","LUCKNOW","SAROJANINAGAR","2019-03-02T10:40:50.447"
"NA","AGRICULTURE","Others","Others","Weather","weather information district Lucknow
","NA","UTTAR PRADESH","LUCKNOW","MOHANLALGANJ","2019-03-02T10:53:17.623"
"NA","AGRICULTURE","Others","Others","Weather","Please tell me about Weather information of district lucknow     ? 
","NA","UTTAR PRADESH","LUCKNOW","BAKSHI-KA-TALAB","2019-03-02T12:32:49.42"
"NA","AGRICULTURE","Others","Others","Weather","Please tell me about Weather information of district     ? 
","NA","UTTAR PRADESH","LUCKNOW","MOHANLALGANJ","2019-03-02T13:58:31.34"
"NA","AGRICULTURE","Others","Others","Weather","WEATHER INRMATION OF DISTRICT Lucknow ...?
","NA","UTTAR PRADESH","LUCKNOW","BAKSHI-KA-TALAB","2019-03-02T14:17:28.867"
"NA","HORTICULTURE","Fruits","Mango","	Plant Protection	","Black spot of Mango flower ......?","NA","UTTAR PRADESH","LUCKNOW","BAKSHI-KA-TALAB","2019-03-02T14:30:48.13"
"NA","HORTICULTURE","Fruits","Mango","	Plant Protection	","Plant Protection in Mango tree...?","NA","UTTAR PRADESH","LUCKNOW","BAKSHI-KA-TALAB","2019-03-02T14:45:14.77"
"NA","HORTICULTURE","Fruits","Mango","	Plant Protection	","aam ka baur kala ho raha hai ?","NA","UTTAR PRADESH","LUCKNOW","BAKSHI-KA-TALAB","2019-03-02T15:31:33.74"
"NA","AGRICULTURE","Others","Others","Weather","weather information in Raebareli   Jagatpur.............?

","NA","UTTAR PRADESH","LUCKNOW","MAL","2019-03-02T16:27:49.733"
"NA","AGRICULTURE","Others","Others","Weather","weather information in
","NA","UTTAR PRADESH","LUCKNOW","KAKORI","2019-03-02T16:34:06.043"
"NA","AGRICULTURE","Others","Others","Weather","Weather information in lucknow  district?","NA","UTTAR PRADESH","LUCKNOW","KAKORI","2019-03-02T16:40:51.447"
"NA","HORTICULTURE","Vegetables","Bottle Gourd ","Vegetative Propagation and Tissue Culture","Soil treatment in Bottle Gourd …..?","NA","UTTAR PRADESH","LUCKNOW","MALIHABAD","2019-03-02T17:35:44.79"
"NA","AGRICULTURE","Others","Others","Weather","Weather information of lucnkow   district….?

","NA","UTTAR PRADESH","LUCKNOW","SAROJANINAGAR","2019-03-02T17:43:07.87"
"NA","AGRICULTURE","Others","Others","Weather","Weather information of Lucknow se Itaunja....?
","NA","UTTAR PRADESH","LUCKNOW","BAKSHI-KA-TALAB","2019-03-02T17:50:19.013"
"NA","AGRICULTURE","Others","Others","Weather","Weather information Malihabad    ? 
","NA","UTTAR PRADESH","LUCKNOW","MALIHABAD","2019-03-02T20:01:43.657"
"NA","AGRICULTURE","Others","Others","Weather","Weather Information of  Malihabad in District-  Lucknow  ...?","NA","UTTAR PRADESH","LUCKNOW","MAL","2019-03-02T20:20:29.917"
"NA","AGRICULTURE","Others","Others","Weather","Weather information of lucknow District","NA","UTTAR PRADESH","LUCKNOW","BAKSHI-KA-TALAB","2019-03-03T07:13:20.533"
"NA","AGRICULTURE","Others","Others","Weather","weather information in  lucknow district ?","NA","UTTAR PRADESH","LUCKNOW","GOSAIGANJ","2019-03-03T07:24:13.56"
"NA","AGRICULTURE","Others","Others","Weather","Weather information in  Lucknow  ?","NA","UTTAR PRADESH","LUCKNOW","GOSAIGANJ","2019-03-03T07:25:48.443"
"NA","AGRICULTURE","Others","Others","Weather","Weather information of Itaunja, Lucknow....?
","NA","UTTAR PRADESH","LUCKNOW","BAKSHI-KA-TALAB","2019-03-03T08:12:16.663"
"NA","AGRICULTURE","Others","Others","Weather","Weather information of Lucknow......?","NA","UTTAR PRADESH","LUCKNOW","SAROJANINAGAR","2019-03-03T09:10:20.423"
"NA","AGRICULTURE","Others","Others","Weather","Weather Information of District-Lucknow  in Block-Gosaiganj.....?","NA","UTTAR PRADESH","LUCKNOW","GOSAIGANJ","2019-03-03T09:26:07.513"
"NA","AGRICULTURE","Others","Others","Weather","wether information in..lucknow. ? 
","NA","UTTAR PRADESH","LUCKNOW","MOHANLALGANJ","2019-03-03T09:32:28.007"
"NA","AGRICULTURE","Others","Others","Weather","Information about weather report in Dist. Raebarelly  (Jagatpur)   ..........?
","NA","UTTAR PRADESH","LUCKNOW","MAL","2019-03-03T09:42:49.067"
"NA","AGRICULTURE","Others","Others","Government Schemes","Solar pump ki jankari de ?
","NA","UTTAR PRADESH","LUCKNOW","MAL","2019-03-03T09:43:57.863"
"NA","AGRICULTURE","Others","Others","Weather","Weather information of district Lucknow (Harauni)....?
","NA","UTTAR PRADESH","LUCKNOW","SAROJANINAGAR","2019-03-03T09:48:16.517"
"NA","AGRICULTURE","Others","Others","Weather","wether information in..lucknow. ? 
","NA","UTTAR PRADESH","LUCKNOW","MAL","2019-03-03T09:51:40.88"
"NA","AGRICULTURE","Others","Others","Weather","Please tell me weather of Chinhat in Lucknow district...?","NA","UTTAR PRADESH","LUCKNOW","BAKSHI-KA-TALAB","2019-03-03T09:57:18.877"
"NA","AGRICULTURE","Others","Others","Weather","WEATHER INFORMATION IN LUCKNOW DISTRICT ? ","NA","UTTAR PRADESH","LUCKNOW","SAROJANINAGAR","2019-03-03T10:15:49.087"
"NA","HORTICULTURE","Condiments and Spices","Garlic","	Plant Protection	","Plant protection measure for garlic crop...?","NA","UTTAR PRADESH","LUCKNOW","BAKSHI-KA-TALAB","2019-03-03T10:32:44.023"
"NA","HORTICULTURE","Fruits","Acid Lime","Nutrient Management","Flower dropping problem in Acid Lime...?","NA","UTTAR PRADESH","LUCKNOW","MOHANLALGANJ","2019-03-03T10:57:27.19"
"NA","AGRICULTURE","Others","Others","Weather","Weather information in  Raebareli   Salon.........?

","NA","UTTAR PRADESH","LUCKNOW","BAKSHI-KA-TALAB","2019-03-03T11:45:15.08"
"NA","AGRICULTURE","Others","Others","Weather","The Meteorological Department needs more information.","NA","UTTAR PRADESH","LUCKNOW","BAKSHI-KA-TALAB","2019-03-03T11:53:59.793"
"NA","AGRICULTURE","Others","Others","Crop Insurance","Information for Complaint Helpline Toll Free Number..?","NA","UTTAR PRADESH","LUCKNOW","GOSAIGANJ","2019-03-03T11:59:17.603"
"NA","HORTICULTURE","Plantation Crops","Coconut","Government Schemes","Contact number of CIMAP LUCKNOW........?","NA","UTTAR PRADESH","LUCKNOW","KAKORI","2019-03-03T12:00:47.79"
"NA","HORTICULTURE","Vegetables","Bitter Gourd","Nutrient Management","Yellowing problem in bitter gourd...?","NA","UTTAR PRADESH","LUCKNOW","MALIHABAD","2019-03-03T12:36:40.563"
"NA","AGRICULTURE","Others","Others","Weather","weather information in lucknow bakshi-ka-talab ?","NA","UTTAR PRADESH","LUCKNOW","BAKSHI-KA-TALAB","2019-03-03T12:38:14.18"
"NA","AGRICULTURE","Others","Others","Weather","Weather Information of District-Lucknow in Block-	BKT......?","NA","UTTAR PRADESH","LUCKNOW","BAKSHI-KA-TALAB","2019-03-03T12:40:28.903"
"NA","AGRICULTURE","Others","Others","Weather","Weather information of lucknow  District…?","NA","UTTAR PRADESH","LUCKNOW","KAKORI","2019-03-03T12:42:04.067"
"NA","HORTICULTURE","Fruits","Mango","	Plant Protection	","Information about Flower droping control in Mango Tree .....?","NA","UTTAR PRADESH","LUCKNOW","KAKORI","2019-03-03T15:45:55.017"
"NA","AGRICULTURE","Others","Others","Weather","Weather information about district-.LOCKNOW...?
","NA","UTTAR PRADESH","LUCKNOW","SAROJANINAGAR","2019-03-03T16:35:24.637"
"NA","AGRICULTURE","Others","Others","Weather","Weather information in Lucknow district...?
","NA","UTTAR PRADESH","LUCKNOW","BAKSHI-KA-TALAB","2019-03-03T17:06:50.647"
"NA","AGRICULTURE","Others","Others","Government Schemes","PM kisan samman nidhi yojna information...?","NA","UTTAR PRADESH","LUCKNOW","MALIHABAD","2019-03-03T17:19:38.6"
"NA","HORTICULTURE","Medicinal and Aromatic Plants","Mentha","Seeds and Planting Material","SEEDS AND PLANTING MATERIAL OF MENTHA....?","NA","UTTAR PRADESH","LUCKNOW","CHINHAT","2019-03-03T17:55:38.193"
"NA","HORTICULTURE","Vegetables","Pumpkin","Vegetative Propagation and Tissue Culture","Remedy from flower drop in Pumpkin…?","NA","UTTAR PRADESH","LUCKNOW","BAKSHI-KA-TALAB","2019-03-03T18:21:33.12"
"NA","AGRICULTURE","Others","Others","Government Schemes","Farmer registration information?","NA","UTTAR PRADESH","LUCKNOW","MAL","2019-03-03T19:22:18.53"
"NA","AGRICULTURE","Others","Others","Weather","Please give me weather information in district lucknow……?
","NA","UTTAR PRADESH","LUCKNOW","MAL","2019-03-03T19:35:58.853"
"NA","HORTICULTURE","Fruits","Mango","	Plant Protection	","Information about of Chlorpyriphos 50 % EC .......?","NA","UTTAR PRADESH","LUCKNOW","BAKSHI-KA-TALAB","2019-03-03T20:49:36.15"
"NA","HORTICULTURE","Vegetables","Tomato","Nutrient Management","information about Nutrient Manegement Tomato............?","NA","UTTAR PRADESH","LUCKNOW","GOSAIGANJ","2019-03-04T09:36:35.93"
"NA","HORTICULTURE","Fruits","Mango","	Plant Protection	","Information about fungus control in Mango Trees............? ","NA","UTTAR PRADESH","LUCKNOW","KAKORI","2019-03-04T09:40:04.29"
"NA","AGRICULTURE","Cereals","Wheat","Cultural Practices","Guhun me phool ke samay sichai kar sakte hai ....?","NA","UTTAR PRADESH","LUCKNOW","SAROJANINAGAR","2019-03-04T10:08:06.877"
"NA","AGRICULTURE","Others","Others","Weather","blank call","NA","UTTAR PRADESH","LUCKNOW","BAKSHI-KA-TALAB","2019-03-04T10:24:54.467"
"NA","AGRICULTURE","Others","Others","Weather","Lucknow Zile ki mausam ki jankari bataye
","NA","UTTAR PRADESH","LUCKNOW","BAKSHI-KA-TALAB","2019-03-04T10:27:48.72"
"NA","HORTICULTURE","Fruits","Strawberry","Nutrient Management","Nursery management in Straberry...............?
","NA","UTTAR PRADESH","LUCKNOW","SAROJANINAGAR","2019-03-04T10:28:06.85"
"NA","HORTICULTURE","Fruits","Mango","	Plant Protection	","Information about Flower Dropping control in Mango Tree .....?","NA","UTTAR PRADESH","LUCKNOW","KAKORI","2019-03-04T10:50:33.01"
"NA","AGRICULTURE","Others","Others","Weather","Weather information in Lucknow  District  ?
","NA","UTTAR PRADESH","LUCKNOW","MALIHABAD","2019-03-04T11:06:53.49"
"NA","HORTICULTURE","Fruits","Mango","	Plant Protection	","Information for plant protection mango tree....?","NA","UTTAR PRADESH","LUCKNOW","MAL","2019-03-04T11:24:38.69"
"NA","HORTICULTURE","Fruits","Mango","	Plant Protection	","problem of mango plants.............?
","NA","UTTAR PRADESH","LUCKNOW","BAKSHI-KA-TALAB","2019-03-04T11:40:51.197"
"NA","HORTICULTURE","Flowers","Rose","Fertilizer Use and Availability"," Plant Growth information i Rose ","NA","UTTAR PRADESH","LUCKNOW","0   ","2019-03-04T12:05:42.83"
"NA","HORTICULTURE","Fruits","Mango","	Plant Protection	","Information for plant protection of mango tree...?","NA","UTTAR PRADESH","LUCKNOW","MAL","2019-03-04T13:51:21.223"
"NA","HORTICULTURE","Vegetables","Cucumber","	Plant Protection	","PLANT PROTECTION IN CUCUMBER..?","NA","UTTAR PRADESH","LUCKNOW","GOSAIGANJ","2019-03-04T14:11:52.27"
"NA","AGRICULTURE","Others","Others","Weather","Weather information of Lucknow....?","NA","UTTAR PRADESH","LUCKNOW","KAKORI","2019-03-04T14:18:13.043"
"NA","HORTICULTURE","Vegetables","Beans ","	Plant Protection	","Bacterial Wilt disease control in Brinjal crop ?","NA","UTTAR PRADESH","LUCKNOW","MALIHABAD","2019-03-04T15:02:01.203"
"NA","HORTICULTURE","Condiments and Spices","Fennel","Spices and Condiment Crops","Give information about culivation of Fennel ?","NA","UTTAR PRADESH","LUCKNOW","SAROJANINAGAR","2019-03-04T15:40:29.077"
"NA","AGRICULTURE","Others","Others","Weather","WEATHER INRMATION OF DISTRICT Lucknow...?
","NA","UTTAR PRADESH","LUCKNOW","KAKORI","2019-03-04T16:05:14.83"
"NA","HORTICULTURE","Medicinal and Aromatic Plants","Aloe Vera","Seeds and Planting Material","Information of Aloe Vera planting material....?","NA","UTTAR PRADESH","LUCKNOW","SAROJANINAGAR","2019-03-04T16:17:22.117"
"NA","AGRICULTURE","Others","Others","Weather","Please give me weather informetion in Gosainganj ?
","NA","UTTAR PRADESH","LUCKNOW","GOSAIGANJ","2019-03-04T16:35:04.183"
"NA","HORTICULTURE","Fruits","Mango","	Plant Protection	","flower drops management in mango plants......?","NA","UTTAR PRADESH","LUCKNOW","BAKSHI-KA-TALAB","2019-03-04T17:19:41.797"
"NA","AGRICULTURE","Cereals","Wheat","	Plant Protection	","Information about Irrigation of wheat crop ?","NA","UTTAR PRADESH","LUCKNOW","MOHANLALGANJ","2019-03-04T17:51:51.503"
"NA","HORTICULTURE","Fruits","Mango","	Plant Protection	","Termite control in Mango fruit plant..?","NA","UTTAR PRADESH","LUCKNOW","MAL","2019-03-04T18:33:14.787"
"NA","AGRICULTURE","Others","Others","Weather","Asking About Weather Information in Lucknow..?
","NA","UTTAR PRADESH","LUCKNOW","MALIHABAD","2019-03-04T19:48:14.757"
"NA","HORTICULTURE","Medicinal and Aromatic Plants","Mentha","Fertilizer Use and Availability","Fertilizer dose in Mentha crop?","NA","UTTAR PRADESH","LUCKNOW","MAL","2019-03-04T21:34:22.88"
"NA","HORTICULTURE","Medicinal and Aromatic Plants","Mentha","Fertilizer Use and Availability","Fertilizer management in mentha crop ...?
","NA","UTTAR PRADESH","LUCKNOW","MAL","2019-03-04T21:41:00.14"
"NA","AGRICULTURE","Others","Others","Weather","Information about the weather in Lucknow district..?
","NA","UTTAR PRADESH","LUCKNOW","MALIHABAD","2019-03-05T08:35:37.993"
"NA","HORTICULTURE","Fruits","Mango","	Plant Protection	","Fungus control in Mango crop..?","NA","UTTAR PRADESH","LUCKNOW","MAL","2019-03-05T09:31:06.483"
"NA","AGRICULTURE","Others","Others","Weather","Weather Information District Lucknow.....?","NA","UTTAR PRADESH","LUCKNOW","BAKSHI-KA-TALAB","2019-03-05T09:43:27.45"
"NA","AGRICULTURE","Others","Others","Government Schemes","Please give me information about pradhan mantri samman nidhi yojna….?
","NA","UTTAR PRADESH","LUCKNOW","KAKORI","2019-03-05T10:08:39.007"
"NA","HORTICULTURE","Vegetables","Tomato","	Plant Protection	","plant protection in tomato.....?","NA","UTTAR PRADESH","LUCKNOW","GOSAIGANJ","2019-03-05T10:50:35.73"
"NA","HORTICULTURE","Fruits","Mango","	Plant Protection	","lashi  ka problam in mango","NA","UTTAR PRADESH","LUCKNOW","BAKSHI-KA-TALAB","2019-03-05T10:52:19.97"
"NA","HORTICULTURE","Fruits","Mango","	Plant Protection	","Hopper control in Mango plants  ?","NA","UTTAR PRADESH","LUCKNOW","MOHANLALGANJ","2019-03-05T11:07:06.067"
"NA","HORTICULTURE","Fruits","Mango","	Plant Protection	","Pest control in Mango Plant    ?","NA","UTTAR PRADESH","LUCKNOW","BAKSHI-KA-TALAB","2019-03-05T11:07:06.16"
"NA","AGRICULTURE","Others","Others","Government Schemes","kisan subidha ki jankari de ?","NA","UTTAR PRADESH","LUCKNOW","MALIHABAD","2019-03-05T11:44:44.813"
"NA","AGRICULTURE","0","0","Weather","Asking about weather information in …lucknow…district
","NA","UTTAR PRADESH","LUCKNOW","MAL","2019-03-05T13:17:51.643"
"NA","AGRICULTURE","Others","Others","Weather","
Information about weather in Raibareli……...?
","NA","UTTAR PRADESH","LUCKNOW","MAL","2019-03-05T14:01:22.537"
"NA","AGRICULTURE","Others","Others","Weather","Weather forecast information of  Lucknow .? ","NA","UTTAR PRADESH","LUCKNOW","MAL","2019-03-05T14:16:25.573"
"NA","HORTICULTURE","Vegetables","Tomato","	Plant Protection	","Plant protection in tomato crop...?","NA","UTTAR PRADESH","LUCKNOW","SAROJANINAGAR","2019-03-05T15:22:21.757"
"NA","AGRICULTURE","Others","Others","Weather","Weather information about district-LUCKNOW….?
","NA","UTTAR PRADESH","LUCKNOW","MAL","2019-03-05T18:01:42.057"
"NA","HORTICULTURE","Fruits","Mango","	Plant Protection	","Plant protection in mango tree....?","NA","UTTAR PRADESH","LUCKNOW","KAKORI","2019-03-05T20:20:12.587"
"NA","AGRICULTURE","Others","Others","Weather","Please tell me weather of Itaunja in Lucknow district...?","NA","UTTAR PRADESH","LUCKNOW","BAKSHI-KA-TALAB","2019-03-05T20:54:18.123"
"NA","AGRICULTURE","Others","Others","Weather","Weather information in Lucknow  Mohanlalganj....

","NA","UTTAR PRADESH","LUCKNOW","MOHANLALGANJ","2019-03-06T10:48:15.863"
"NA","AGRICULTURE","Others","Others","Weather","Information about weather condition at Itaunja block , district Lucknow ?
","NA","UTTAR PRADESH","LUCKNOW","BAKSHI-KA-TALAB","2019-03-06T11:22:59.7"
"NA","AGRICULTURE","Others","Others","Weather","Information about weather condition at Itaunja block , district Lucknow ?
","NA","UTTAR PRADESH","LUCKNOW","BAKSHI-KA-TALAB","2019-03-06T11:42:14.917"
"NA","AGRICULTURE","Others","Others","Weather","Asking about weather information in Lucknow ?
","NA","UTTAR PRADESH","LUCKNOW","SAROJANINAGAR","2019-03-06T12:38:51.267"
"NA","AGRICULTURE","Others","Others","Weather","Weather forecast information of   Lucknow? ","NA","UTTAR PRADESH","LUCKNOW","BAKSHI-KA-TALAB","2019-03-06T15:09:21.41"
"NA","HORTICULTURE","Flowers","Gladiolus","	Plant Protection	","Potassium Deficiency Symptoms in Gladiolus?","NA","UTTAR PRADESH","LUCKNOW","MOHANLALGANJ","2019-03-06T15:26:29.423"
"NA","AGRICULTURE","Others","Others","Weather","plz, tell me weather information for lucknow dist?","NA","UTTAR PRADESH","LUCKNOW","MALIHABAD","2019-03-06T15:47:41.33"
"NA","AGRICULTURE","0","0","Weather","Weather Information In Lucknow District ....?
","NA","UTTAR PRADESH","LUCKNOW","MALIHABAD","2019-03-06T17:39:41.8"
"NA","AGRICULTURE","Others","Others","Weather","Weather Information  in Itaunja........?
","NA","UTTAR PRADESH","LUCKNOW","MAL","2019-03-06T17:55:23.167"
"NA","AGRICULTURE","Pulses","Green Gram (Moong Bean/ Moong)","Cultural Practices","Asking about AYield of Green Gram..........?","NA","UTTAR PRADESH","LUCKNOW","CHINHAT","2019-03-06T19:01:05.357"
"NA","AGRICULTURE","Others","Others","Weather","information about weather of Lucknow ?","NA","UTTAR PRADESH","LUCKNOW","BAKSHI-KA-TALAB","2019-03-06T19:13:04.827"
"NA","HORTICULTURE","Fruits","Mango","	Plant Protection	","Give information about flower dropping of Mango crops ?","NA","UTTAR PRADESH","LUCKNOW","BAKSHI-KA-TALAB","2019-03-06T21:22:36.24"
"NA","AGRICULTURE","Others","Others","Government Schemes","PM KISAN SAMMAN NIDHI YOJANA SE JUDI JANKAARI .....?
","NA","UTTAR PRADESH","LUCKNOW","SAROJANINAGAR","2019-03-06T21:27:17.92"
"NA","HORTICULTURE","Fruits","Mango","	Plant Protection	","Plant protection in Mango....?","NA","UTTAR PRADESH","LUCKNOW","GOSAIGANJ","2019-03-07T09:13:49.36"
"NA","HORTICULTURE","Fruits","Mango","	Plant Protection	","Insect control in Mango tree?
","NA","UTTAR PRADESH","LUCKNOW","MAL","2019-03-07T09:43:06.697"
"NA","HORTICULTURE","Fruits","Mango","	Plant Protection	","??? ???? problem in mango?","NA","UTTAR PRADESH","LUCKNOW","MAL","2019-03-07T10:49:46.5"
"NA","HORTICULTURE","Fruits","Mango","	Plant Protection	","Pest control In Mango Plant     ?","NA","UTTAR PRADESH","LUCKNOW","MALIHABAD","2019-03-07T11:03:16.03"
"NA","HORTICULTURE","Fruits","Mango","	Plant Protection	"," fungal information in mango  ","NA","UTTAR PRADESH","LUCKNOW","MALIHABAD","2019-03-07T12:56:14.05"
"NA","AGRICULTURE","Others","Others","	Plant Protection	","Pradhan mantri kisan samman nidhi yojna contact number...?","NA","UTTAR PRADESH","LUCKNOW","SAROJANINAGAR","2019-03-07T14:18:58.68"
"NA","AGRICULTURE","Cereals","Wheat","Cultural Practices","Information of Irrigation in Wheat.....?","NA","UTTAR PRADESH","LUCKNOW","KAKORI","2019-03-07T15:31:23.763"
"NA","HORTICULTURE","Fruits","Mango","	Plant Protection	","Information about control of mango malformation.......?","NA","UTTAR PRADESH","LUCKNOW","BAKSHI-KA-TALAB","2019-03-07T15:59:51.247"
"NA","HORTICULTURE","Fruits","Mango","	Plant Protection	"," Sucking Pest in mango...?","NA","UTTAR PRADESH","LUCKNOW","KAKORI","2019-03-07T16:22:49.023"
"NA","AGRICULTURE","Others","Others","Government Schemes","Information of Government Schemes..?","NA","UTTAR PRADESH","LUCKNOW","MAL","2019-03-07T19:01:59.647"
"NA","AGRICULTURE","Others","Others","Government Schemes","
Information about farmer registration site for Pradhan mantri Kisan samman nidhi yojana ?
","NA","UTTAR PRADESH","LUCKNOW","SAROJANINAGAR","2019-03-07T19:37:37.96"
"NA","AGRICULTURE","Others","Others","Weather","information about government scheme ?","NA","UTTAR PRADESH","LUCKNOW","BAKSHI-KA-TALAB","2019-03-07T19:45:45.39"
"NA","HORTICULTURE","Fruits","Mango","	Plant Protection	","Information about Termite control in Mango Tree ....?","NA","UTTAR PRADESH","LUCKNOW","SAROJANINAGAR","2019-03-07T20:15:34.18"
"NA","AGRICULTURE","Others","Others","Government Schemes","boring karani hai ?","NA","UTTAR PRADESH","LUCKNOW","BAKSHI-KA-TALAB","2019-03-08T10:02:59.887"
"NA","HORTICULTURE","Fruits","Mango","	Plant Protection	","Plant protection in mango plant ?","NA","UTTAR PRADESH","LUCKNOW","KAKORI","2019-03-08T10:05:01.443"
"NA","AGRICULTURE","Others","Others","Government Schemes","Information about borewell......?","NA","UTTAR PRADESH","LUCKNOW","BAKSHI-KA-TALAB","2019-03-08T10:25:47.99"
"NA","AGRICULTURE","Others","Others","Government Schemes","Government Schemes   ?
","NA","UTTAR PRADESH","LUCKNOW","BAKSHI-KA-TALAB","2019-03-08T10:45:29.593"
"NA","AGRICULTURE","Pulses","Bengal Gram (Gram/Chick Pea/Kabuli/Chana)","	Plant Protection	","Insect cantrol in chana .....?","NA","UTTAR PRADESH","LUCKNOW","GOSAIGANJ","2019-03-08T11:17:49.193"
"NA","AGRICULTURE","Others","Others","Government Schemes","solar pumap ki jankari
","NA","UTTAR PRADESH","LUCKNOW","BAKSHI-KA-TALAB","2019-03-08T12:42:07.907"
"NA","HORTICULTURE","Fruits","Mango","Cultural Practices","Can you plant a garden in the shores of the forest ?","NA","UTTAR PRADESH","LUCKNOW","SAROJANINAGAR","2019-03-08T13:30:37.603"
"NA","AGRICULTURE","Others","Others","Weather","About weather information of Itaunja in Lucknow District? ","NA","UTTAR PRADESH","LUCKNOW","BAKSHI-KA-TALAB","2019-03-08T13:34:17.05"
"NA","AGRICULTURE","Others","Others","Government Schemes","pradhan mantri Kisan samman nidhi yojna Contect Number….?","NA","UTTAR PRADESH","LUCKNOW","GOSAIGANJ","2019-03-08T15:35:05.89"
"NA","AGRICULTURE","Others","Others","Weather","Asking about weather information in district Lucknow ?
","NA","UTTAR PRADESH","LUCKNOW","BAKSHI-KA-TALAB","2019-03-08T16:53:27.517"
"NA","HORTICULTURE","Vegetables","Tomato","	Plant Protection	","Leaf spot problem in Tomato...?","NA","UTTAR PRADESH","LUCKNOW","SAROJANINAGAR","2019-03-08T17:32:20.27"
"NA","AGRICULTURE","Others","Others","Weather","Asking about weather information in..Lucknow
","NA","UTTAR PRADESH","LUCKNOW","BAKSHI-KA-TALAB","2019-03-09T06:53:10.38"
"NA","AGRICULTURE","Others","Others","Weather","About animals Related information   ? 
","NA","UTTAR PRADESH","LUCKNOW","SAROJANINAGAR","2019-03-09T08:27:13.117"
"NA","HORTICULTURE","Fruits","Mango","	Plant Protection	","Remedy from flower drop in mango plant ?","NA","UTTAR PRADESH","LUCKNOW","MAL","2019-03-09T09:03:45.053"
"NA","AGRICULTURE","Others","Others","Weather","About weather information of Mohanlalganj in Lucknow District?","NA","UTTAR PRADESH","LUCKNOW","MOHANLALGANJ","2019-03-09T10:06:42.69"
"NA","HORTICULTURE","Fruits","Banana","	Plant Protection	","Attack weevil in Mango tree?","NA","UTTAR PRADESH","LUCKNOW","MAL","2019-03-09T11:09:29.133"
"NA","AGRICULTURE","Others","Others","Government Schemes","Pradhan Mantri Kisan Samman Nidhi Yojana Contect Number..?","NA","UTTAR PRADESH","LUCKNOW","GOSAIGANJ","2019-03-09T11:09:29.68"
"NA","HORTICULTURE","Fruits","Mango","	Plant Protection	","Please give me weather information?
","NA","UTTAR PRADESH","LUCKNOW","MAL","2019-03-09T11:39:51.28"
"NA","AGRICULTURE","Others","Others","Weather","About weather information of Mohanlalganj in Lucknow District?","NA","UTTAR PRADESH","LUCKNOW","MOHANLALGANJ","2019-03-09T11:50:02.133"
"NA","HORTICULTURE","Vegetables","Tomato","	Plant Protection	","tamater ki fasal me tomato spotted wilt disease?","NA","UTTAR PRADESH","LUCKNOW","GOSAIGANJ","2019-03-09T11:55:55.26"
"NA","AGRICULTURE","Others","Others","Government Schemes","Kisan ragistration karana hai   ?
","NA","UTTAR PRADESH","LUCKNOW","0   ","2019-03-09T11:58:28.58"
"NA","AGRICULTURE","Others","Others","Weather","Information of Weather in  Lucknow District..?
","NA","UTTAR PRADESH","LUCKNOW","GOSAIGANJ","2019-03-09T12:13:32.373"
"NA","AGRICULTURE","Others","Others","Weather","Information about Weather of District   Lucknow ","NA","UTTAR PRADESH","LUCKNOW","KAKORI","2019-03-09T12:14:41.577"
"NA","AGRICULTURE","Others","Others","Weather","Asking About Weather Information in Lucknow
","NA","UTTAR PRADESH","LUCKNOW","MAL","2019-03-09T12:16:26.283"
"NA","AGRICULTURE","Others","Others","Government Schemes","PM-KISAN yojana ke bare me jankari ?","NA","UTTAR PRADESH","LUCKNOW","0   ","2019-03-09T12:37:29.867"
"NA","AGRICULTURE","Others","Others","Weather","Please give me weather information for Lucknow? ","NA","UTTAR PRADESH","LUCKNOW","KAKORI","2019-03-09T12:42:36.877"
"NA","AGRICULTURE","Others","Others","Weather","Information of weather in Block Haurani District Lucknow...?
","NA","UTTAR PRADESH","LUCKNOW","SAROJANINAGAR","2019-03-09T12:49:01"
"NA","AGRICULTURE","Others","Others","Weather","please give me weather Information in Lucknow At Gosainganj","NA","UTTAR PRADESH","LUCKNOW","GOSAIGANJ","2019-03-09T12:58:50.733"
"NA","HORTICULTURE","Vegetables","Brinjal","	Plant Protection	","fungal problem in brinjal crop?","NA","UTTAR PRADESH","LUCKNOW","KAKORI","2019-03-09T13:39:00.087"
"NA","AGRICULTURE","Others","Others","Weather","Weather information in  Lucknow Kakori...?

","NA","UTTAR PRADESH","LUCKNOW","KAKORI","2019-03-09T13:53:07.893"
"NA","AGRICULTURE","Others","Others","Weather","Weather information in  lucknow district ? ","NA","UTTAR PRADESH","LUCKNOW","BAKSHI-KA-TALAB","2019-03-09T15:02:02.73"
"NA","AGRICULTURE","Others","Others","Weather","Weather information  Malihabad    ? 
","NA","UTTAR PRADESH","LUCKNOW","MALIHABAD","2019-03-09T16:05:31.12"
"NA","HORTICULTURE","Fruits","Mango","	Plant Protection	","Malformation on mango inflorescence. ....?","NA","UTTAR PRADESH","LUCKNOW","KAKORI","2019-03-09T16:20:34.2"
"NA","HORTICULTURE","Fruits","Mango","	Plant Protection	","Information about pest management in mango crop. ....?
","NA","UTTAR PRADESH","LUCKNOW","KAKORI","2019-03-09T16:23:43.243"
"NA","AGRICULTURE","Pulses","Bengal Gram (Gram/Chick Pea/Kabuli/Chana)","Market Information","About Market information?","NA","UTTAR PRADESH","LUCKNOW","GOSAIGANJ","2019-03-09T16:29:33.437"
"NA","AGRICULTURE","Others","Others","Weather","Weather Information of Kakori in District- Lucknow   ...?
","NA","UTTAR PRADESH","LUCKNOW","KAKORI","2019-03-09T17:16:55.723"
"NA","HORTICULTURE","Fruits","Mango","Nutrient Management","Timepass","NA","UTTAR PRADESH","LUCKNOW","MALIHABAD","2019-03-09T17:25:23.04"
"NA","HORTICULTURE","Vegetables","Pea (Vegetable)","	Plant Protection	","Insects in Pea ?","NA","UTTAR PRADESH","LUCKNOW","MAL","2019-03-09T18:40:40.06"
"NA","HORTICULTURE","Medicinal and Aromatic Plants","Mentha","Cultural Practices","Spacing in Mentha..........?","NA","UTTAR PRADESH","LUCKNOW","MAL","2019-03-09T20:15:45.88"
"NA","AGRICULTURE","Others","Others","Weather","Weather Information In Lucknow District ....?
","NA","UTTAR PRADESH","LUCKNOW","BAKSHI-KA-TALAB","2019-03-09T20:18:38.263"
"NA","AGRICULTURE","Others","Others","Government Schemes","Provide information regarding Kisan Credit Card. ?","NA","UTTAR PRADESH","LUCKNOW","BAKSHI-KA-TALAB","2019-03-10T07:31:22.083"
"NA","AGRICULTURE","Others","0","Weather","Information Of Weather In Lucknow  District       ?
","NA","UTTAR PRADESH","LUCKNOW","CHINHAT","2019-03-10T09:13:42.51"
"NA","HORTICULTURE","Fruits","Mango","	Plant Protection	","Information about fungus control in wheat crop...?
","NA","UTTAR PRADESH","LUCKNOW","KAKORI","2019-03-10T09:18:10.803"
"NA","HORTICULTURE","Fruits","Mango","	Plant Protection	","Aam  ke root   sukh rahi hai ? ","NA","UTTAR PRADESH","LUCKNOW","MAL","2019-03-10T10:03:26.027"
"NA","HORTICULTURE","Fruits","Mango","	Plant Protection	","Thrips control in mango tree?","NA","UTTAR PRADESH","LUCKNOW","BAKSHI-KA-TALAB","2019-03-10T10:46:59.71"
"NA","AGRICULTURE","Others","Others","Weather","Information about weather from Itaunja Lucknow?","NA","UTTAR PRADESH","LUCKNOW","MAL","2019-03-10T12:02:18.247"
"NA","HORTICULTURE","Fruits","Pomegranate","	Plant Protection	","Plant  protection  in Pomegranate plant ? ","NA","UTTAR PRADESH","LUCKNOW","MOHANLALGANJ","2019-03-10T13:18:10.293"
"NA","HORTICULTURE","Fruits","Mango","	Plant Protection	","Information about Flower droping control in Mango tree ....?","NA","UTTAR PRADESH","LUCKNOW","SAROJANINAGAR","2019-03-10T16:55:01.97"
"NA","AGRICULTURE","Others","Others","Government Schemes","Information about pradhan mantri kisan samman nidhi yojana.…..?
","NA","UTTAR PRADESH","LUCKNOW","GOSAIGANJ","2019-03-10T17:51:39.78"
"NA","HORTICULTURE","Vegetables","Cucumber","	Plant Protection	","Thrips problem in cucumber ..?","NA","UTTAR PRADESH","LUCKNOW","SAROJANINAGAR","2019-03-10T17:56:33.377"
"NA","AGRICULTURE","Others","Others","Weather","Please tell me about weather information in district Lucknow...?
","NA","UTTAR PRADESH","LUCKNOW","KAKORI","2019-03-10T18:03:43.207"
"NA","AGRICULTURE","Others","Others","Government Schemes","Pradhan Mantri Kisan Samman Nidhi scheme information ?","NA","UTTAR PRADESH","LUCKNOW","BAKSHI-KA-TALAB","2019-03-10T19:53:26.057"
"NA","AGRICULTURE","Others","Others","Weather","ABOUT SOLAR PUMP INFORMATION ?  
","NA","UTTAR PRADESH","LUCKNOW","MOHANLALGANJ","2019-03-10T20:24:52.443"
"NA","AGRICULTURE","Others","Others","Weather","Lucknow Zile me Shetra ki mausum ki jankari chahiye………..?","NA","UTTAR PRADESH","LUCKNOW","MALIHABAD","2019-03-10T21:36:32.937"
"NA","HORTICULTURE","Fruits","Mango","	Plant Protection	","Information about in Mango for Diseases...?","NA","UTTAR PRADESH","LUCKNOW","MOHANLALGANJ","2019-03-11T06:32:52.957"
"NA","AGRICULTURE","Others","Others","Credit","Kisan Credit Card ke bare me jankari ?
","NA","UTTAR PRADESH","LUCKNOW","SAROJANINAGAR","2019-03-11T08:45:52.76"
"NA","HORTICULTURE","Flowers","Rose","	Plant Protection	","Black spot in rose crop   ?","NA","UTTAR PRADESH","LUCKNOW","KAKORI","2019-03-11T08:47:02.617"
"NA","ANIMAL HUSBANDRY","Animal","Bovine(Cow,Buffalo)","Animal Nutrition","pashu ke baare me jaankari leni hai ?","NA","UTTAR PRADESH","LUCKNOW","MOHANLALGANJ","2019-03-11T09:37:12.013"
"NA","AGRICULTURE","Others","Others","Weather","Information about weather report in Dist. Lucknow (Itaunja)   ..........?
","NA","UTTAR PRADESH","LUCKNOW","BAKSHI-KA-TALAB","2019-03-11T09:47:21.56"
"NA","AGRICULTURE","Others","Others","Government Schemes","About Kisan credit card Intrest  ..........?","NA","UTTAR PRADESH","LUCKNOW","SAROJANINAGAR","2019-03-11T10:03:38.053"
"NA","AGRICULTURE","Pulses","Bengal Gram (Gram/Chick Pea/Kabuli/Chana)","	Plant Protection	","Flower drop control in Gram crop....?","NA","UTTAR PRADESH","LUCKNOW","GOSAIGANJ","2019-03-11T10:12:09.77"
"NA","AGRICULTURE","Others","Others","Government Schemes","Complaint about Pradhan Mantri Kisan Samman Nidhi Yojana?","NA","UTTAR PRADESH","LUCKNOW","MOHANLALGANJ","2019-03-11T11:04:56.447"
"NA","AGRICULTURE","Others","Others","Government Schemes","Bank kee jankare...?","NA","UTTAR PRADESH","LUCKNOW","GOSAIGANJ","2019-03-11T11:23:34.447"
"NA","AGRICULTURE","Others","Others","Weather","Please tell me about Weather information of district Lucknow    ?
","NA","UTTAR PRADESH","LUCKNOW","BAKSHI-KA-TALAB","2019-03-11T11:31:10.207"
"NA","AGRICULTURE","Others","Others","Weather","Please tell me about Weather information of district Lucknow      ?
","NA","UTTAR PRADESH","LUCKNOW","BAKSHI-KA-TALAB","2019-03-11T11:33:24.43"
"NA","AGRICULTURE","Others","Others","Weather","
Pradhan Manthri Kisan Samman Nidhi Yojana KI jankari ? 
","NA","UTTAR PRADESH","LUCKNOW","MOHANLALGANJ","2019-03-11T11:41:44.323"
"NA","AGRICULTURE","Others","Others","Weather","Lucknow Zile Ki Mausam Ki Jankari Bataye","NA","UTTAR PRADESH","LUCKNOW","SAROJANINAGAR","2019-03-11T12:15:16.307"
"NA","AGRICULTURE","Others","Others","Weather","Give weather information about district LUCKNOW?","NA","UTTAR PRADESH","LUCKNOW","MALIHABAD","2019-03-11T12:15:55.73"
"NA","AGRICULTURE","Others","Others","Weather","Asking about weather information in Lucknow ?
","NA","UTTAR PRADESH","LUCKNOW","MAL","2019-03-11T13:15:04.883"
"NA","AGRICULTURE","Others","Others","Weather","weather information in lucknow sarojninagar ?","NA","UTTAR PRADESH","LUCKNOW","SAROJANINAGAR","2019-03-11T13:49:12.623"
"NA","AGRICULTURE","Others","Others","Weather","Weather information in lucknow  District..?","NA","UTTAR PRADESH","LUCKNOW","BAKSHI-KA-TALAB","2019-03-11T14:10:41.057"
"NA","AGRICULTURE","Others","Others","Weather","Information about Weather of Lucknow District.....?","NA","UTTAR PRADESH","LUCKNOW","MALIHABAD","2019-03-11T14:25:00.877"
"NA","AGRICULTURE","Others","Others","Weather","Please tell me the weather of Mohanlalganj in Lucknow district ?","NA","UTTAR PRADESH","LUCKNOW","MOHANLALGANJ","2019-03-11T14:37:57.327"
"NA","AGRICULTURE","Others","Others","Weather","Weather information in lucknow District..?","NA","UTTAR PRADESH","LUCKNOW","MOHANLALGANJ","2019-03-11T14:48:40.803"
"NA","AGRICULTURE","Others","Others","Weather","Information about weather condition at ..KAKORI. block , district .LUCKNOW.. ?
","NA","UTTAR PRADESH","LUCKNOW","KAKORI","2019-03-11T14:57:55.217"
"NA","AGRICULTURE","Others","Others","Weather","plz, tell me weather information for lucknow ?","NA","UTTAR PRADESH","LUCKNOW","GOSAIGANJ","2019-03-11T15:01:39.78"
"NA","AGRICULTURE","Others","Others","Government Schemes","Information about pradhan mantri kisan samman nidhi yojana....?
","NA","UTTAR PRADESH","LUCKNOW","BAKSHI-KA-TALAB","2019-03-11T15:21:22.63"
"NA","AGRICULTURE","Others","Others","Weather","Weather information of Harauni ?
","NA","UTTAR PRADESH","LUCKNOW","SAROJANINAGAR","2019-03-11T16:38:44.18"
"NA","HORTICULTURE","Fruits","Jack Fruit","	Plant Protection	"," Rhizopus rot Disease problem of jack fruit","NA","UTTAR PRADESH","LUCKNOW","MOHANLALGANJ","2019-03-11T17:45:17.027"
"NA","HORTICULTURE","Fruits","Mango","	Plant Protection	","Plant protection in mango ...?","NA","UTTAR PRADESH","LUCKNOW","BAKSHI-KA-TALAB","2019-03-11T18:22:53.48"
"NA","HORTICULTURE","Vegetables","Bitter Gourd","Nutrient Management","Light yellowing in Bitter gourd ?","NA","UTTAR PRADESH","LUCKNOW","MALIHABAD","2019-03-11T18:25:05.893"
"NA","HORTICULTURE","Fruits","Mango","	Plant Protection	","Plant protection in Mango tree...?","NA","UTTAR PRADESH","LUCKNOW","MALIHABAD","2019-03-11T19:15:53.263"
"NA","AGRICULTURE","Others","Others","Market Information","MANOJ KUMAR ","NA","UTTAR PRADESH","LUCKNOW","CHINHAT","2019-03-11T20:13:51.897"
"NA","AGRICULTURE","Others","Others","Weather","Information about Weather of District ...Lucknow
","NA","UTTAR PRADESH","LUCKNOW","SAROJANINAGAR","2019-03-12T06:06:42.987"
"NA","AGRICULTURE","Pulses","Bengal Gram (Gram/Chick Pea/Kabuli/Chana)","	Plant Protection	","Chana me fasal surachha ki janakari de....?","NA","UTTAR PRADESH","LUCKNOW","MOHANLALGANJ","2019-03-12T07:24:32.35"
"NA","AGRICULTURE","Others","Others","Cultural Practices","information about chick pea..............?","NA","UTTAR PRADESH","LUCKNOW","MOHANLALGANJ","2019-03-12T08:26:53.13"
"NA","HORTICULTURE","Vegetables","Bhindi(Okra/Ladysfinger)","Seeds and Planting Material","information about seed and planting material in okra..............?","NA","UTTAR PRADESH","LUCKNOW","BAKSHI-KA-TALAB","2019-03-12T09:46:54.12"
"NA","HORTICULTURE","Medicinal and Aromatic Plants","Mentha","Fertilizer Use and Availability","Fertilizer dose in Mentha crop?","NA","UTTAR PRADESH","LUCKNOW","MAL","2019-03-12T09:53:24.75"
"NA","HORTICULTURE","Medicinal and Aromatic Plants","Satawar","Seeds and Planting Material","Ashwagandha seed information?
","NA","UTTAR PRADESH","LUCKNOW","SAROJANINAGAR","2019-03-12T10:46:11.42"
"NA","AGRICULTURE","Others","Others","Weather","Please give me weather information for Lucknow ? 
","NA","UTTAR PRADESH","LUCKNOW","BAKSHI-KA-TALAB","2019-03-12T11:19:02.017"
"NA","HORTICULTURE","Vegetables","Beans ","	Plant Protection	","Information about plant protection in Beans?","NA","UTTAR PRADESH","LUCKNOW","BAKSHI-KA-TALAB","2019-03-12T11:35:02.52"
"NA","AGRICULTURE","Others","0","Weather","Weather information in Lucknow.....?
","NA","UTTAR PRADESH","LUCKNOW","CHINHAT","2019-03-12T11:37:42.483"
"NA","AGRICULTURE","Others","Others","Weather","Information Of Weather In Lucknow District       ?","NA","UTTAR PRADESH","LUCKNOW","BAKSHI-KA-TALAB","2019-03-12T11:40:40.573"
"NA","AGRICULTURE","Others","Others","Weather","Information about in Weather for District- Raebareli in block- Jagatpur ......?
","NA","UTTAR PRADESH","LUCKNOW","MAL","2019-03-12T11:42:48.76"
"NA","HORTICULTURE","Fruits","Mango","	Plant Protection	","black spot problem of mango flower","NA","UTTAR PRADESH","LUCKNOW","KAKORI","2019-03-12T11:45:41.893"
"NA","AGRICULTURE","Others","Others","Weather","Weather information of Lucknow.......?","NA","UTTAR PRADESH","LUCKNOW","MAL","2019-03-12T12:54:27.963"
"NA","HORTICULTURE","Medicinal and Aromatic Plants","Mentha","Fertilizer Use and Availability","Application of fertilizer in Mentha crop....?","NA","UTTAR PRADESH","LUCKNOW","GOSAIGANJ","2019-03-12T13:05:44.637"
"NA","AGRICULTURE","Others","Others","Weather"," hydroponic   ki jankari ","NA","UTTAR PRADESH","LUCKNOW","CHINHAT","2019-03-12T13:16:38.067"
"NA","AGRICULTURE","Others","Others","Credit","Please tell me about kisan credit card...?","NA","UTTAR PRADESH","LUCKNOW","BAKSHI-KA-TALAB","2019-03-12T14:07:10.83"
"NA","AGRICULTURE","Others","Others","Weather","Weather Information In Lucknow District ....?
","NA","UTTAR PRADESH","LUCKNOW","BAKSHI-KA-TALAB","2019-03-12T14:37:54.99"
"NA","HORTICULTURE","Flowers","Rose","	Plant Protection	","Plant protection in rose crop...?","NA","UTTAR PRADESH","LUCKNOW","GOSAIGANJ","2019-03-12T14:59:08.603"
"NA","AGRICULTURE","Others","Others","Weather","About weather information of mohanlalganj in lucknow .?	","NA","UTTAR PRADESH","LUCKNOW","MOHANLALGANJ","2019-03-12T15:53:40.847"
"NA","AGRICULTURE","Others","Others","Weather","Weather information of district   Lucknow ...?
","NA","UTTAR PRADESH","LUCKNOW","BAKSHI-KA-TALAB","2019-03-12T16:39:25.773"
"NA","AGRICULTURE","Others","Others","Weather","Please give me weather information in district Lucknow...?
","NA","UTTAR PRADESH","LUCKNOW","KAKORI","2019-03-12T17:11:13.05"
"NA","HORTICULTURE","Medicinal and Aromatic Plants","Safed Musli","Vegetative Propagation and Tissue Culture","Aswagandha  ke  kethi ki jankari dai ?","NA","UTTAR PRADESH","LUCKNOW","KAKORI","2019-03-12T17:29:36.45"
"NA","AGRICULTURE","Others","Others","Weather","Information about weather in Itaunja, Lucknow ?","NA","UTTAR PRADESH","LUCKNOW","BAKSHI-KA-TALAB","2019-03-12T18:04:10.773"
"NA","AGRICULTURE","Oilseeds","Mustard","	Plant Protection	","Saraso ki fasal me mahu ki dawa bataye ?
","NA","UTTAR PRADESH","LUCKNOW","MOHANLALGANJ","2019-03-12T19:00:55.417"
"NA","HORTICULTURE","Fruits","Mango","	Plant Protection	","Anthracnose in Mango.?","NA","UTTAR PRADESH","LUCKNOW","MALIHABAD","2019-03-12T19:36:49.687"
"NA","HORTICULTURE","Medicinal and Aromatic Plants","Mentha","	Plant Protection	","Insect plant in Mentha crop ?","NA","UTTAR PRADESH","LUCKNOW","MAL","2019-03-13T06:11:39.89"
"NA","HORTICULTURE","Flowers","Rose","	Plant Protection	","Disease control in Rose Crop     ?","NA","UTTAR PRADESH","LUCKNOW","KAKORI","2019-03-13T08:14:33.247"
"NA","HORTICULTURE","Fruits","Pomegranate","	Plant Protection	","Flower drop of  Pomegranate.....?","NA","UTTAR PRADESH","LUCKNOW","KAKORI","2019-03-13T09:24:17.897"
"NA","AGRICULTURE","Others","Others","Cultural Practices","Rotaveter ka bled lena hai kaha milega.......?","NA","UTTAR PRADESH","LUCKNOW","MALIHABAD","2019-03-13T10:34:25.013"
"NA","HORTICULTURE","Vegetables","Bhindi(Okra/Ladysfinger)","Cultural Practices","Information about varities and weed control in okra crop?","NA","UTTAR PRADESH","LUCKNOW","BAKSHI-KA-TALAB","2019-03-13T11:47:05.15"
"NA","AGRICULTURE","Others","Others","Cultural Practices","Zerenium ka seed kaha milega.........?","NA","UTTAR PRADESH","LUCKNOW","MOHANLALGANJ","2019-03-13T13:08:32.877"
"NA","AGRICULTURE","Others","Others","Weather","weather information district Lucknow
","NA","UTTAR PRADESH","LUCKNOW","MAL","2019-03-13T13:43:49.73"
"NA","HORTICULTURE","Fruits","Mango","	Plant Protection	","information for insect in mango crop?","NA","UTTAR PRADESH","LUCKNOW","MALIHABAD","2019-03-13T15:36:16.55"
"NA","AGRICULTURE","Cereals","Wheat","	Water Management	","Asking About Water Management in Wheat.?","NA","UTTAR PRADESH","LUCKNOW","MOHANLALGANJ","2019-03-13T18:30:10.287"
"NA","AGRICULTURE","Others","Others","Weather","Weather information in Lucknow district…..?
","NA","UTTAR PRADESH","LUCKNOW","BAKSHI-KA-TALAB","2019-03-13T20:16:39.507"
"NA","AGRICULTURE","Others","Others","Weather","About weather information of Malihabad in Lucknow District?","NA","UTTAR PRADESH","LUCKNOW","MAL","2019-03-14T07:20:44.88"
"NA","AGRICULTURE","Others","Others","Weather","Information about weather in Raibareli..? 
","NA","UTTAR PRADESH","LUCKNOW","MAL","2019-03-14T07:36:00.723"
"NA","AGRICULTURE","Others","Others","Weather","Please give me weather information for district Lucknow    ?
","NA","UTTAR PRADESH","LUCKNOW","MAL","2019-03-14T07:57:31.87"
"NA","AGRICULTURE","Others","Others","Weather","Please give me weather information in district lucknow..?","NA","UTTAR PRADESH","LUCKNOW","GOSAIGANJ","2019-03-14T09:25:00.373"
"NA","HORTICULTURE","Fruits","Mango","	Plant Protection	","Aam ke baur ka lal ho raha hai","NA","UTTAR PRADESH","LUCKNOW","BAKSHI-KA-TALAB","2019-03-14T10:43:03.153"
"NA","AGRICULTURE","Others","Others","Weather","Information about the weather in Lucknow district ....?
","NA","UTTAR PRADESH","LUCKNOW","GOSAIGANJ","2019-03-14T11:52:21.173"
"NA","AGRICULTURE","Others","Others","Weather","Please give me weather information for district Lucknow   ?
","NA","UTTAR PRADESH","LUCKNOW","BAKSHI-KA-TALAB","2019-03-14T11:54:14.79"
"NA","AGRICULTURE","Others","Others","Weather","weather information in lucknow sarojaninagar?","NA","UTTAR PRADESH","LUCKNOW","SAROJANINAGAR","2019-03-14T12:08:11.85"
"NA","AGRICULTURE","Others","Others","Weather","Information of weather in Block Kakori District Lucknow..? 
","NA","UTTAR PRADESH","LUCKNOW","KAKORI","2019-03-14T13:27:00.883"
"NA","AGRICULTURE","Others","Others","Weather","Please give me weather information in district lucknow ..?
","NA","UTTAR PRADESH","LUCKNOW","KAKORI","2019-03-14T13:30:30.283"
"NA","AGRICULTURE","Others","Others","Weather","Disconnect. call","NA","UTTAR PRADESH","LUCKNOW","BAKSHI-KA-TALAB","2019-03-14T15:10:41.493"
"NA","HORTICULTURE","Fruits","Mango","	Plant Protection	","Plant protection in mango tree....?","NA","UTTAR PRADESH","LUCKNOW","BAKSHI-KA-TALAB","2019-03-14T15:15:10.753"
"NA","HORTICULTURE","Fruits","Mango","Field Preparation","Fungsh cantrol in Mango....?
","NA","UTTAR PRADESH","LUCKNOW","BAKSHI-KA-TALAB","2019-03-14T15:22:02.13"
"NA","AGRICULTURE","Others","Others","Weather","About weather information of mohanlalganj in lucknow ..?","NA","UTTAR PRADESH","LUCKNOW","MOHANLALGANJ","2019-03-14T15:51:36.79"
"NA","AGRICULTURE","Others","Others","Weather","weathar info of lucknow..?","NA","UTTAR PRADESH","LUCKNOW","BAKSHI-KA-TALAB","2019-03-14T15:58:01.257"
"NA","HORTICULTURE","Medicinal and Aromatic Plants","Mentha","Cultural Practices","Fertilizer information of Mentha  crop.......?","NA","UTTAR PRADESH","LUCKNOW","MAL","2019-03-14T16:26:26.743"
"NA","AGRICULTURE","Others","Others","Weather","Weather information of District- Lucknow.....?
","NA","UTTAR PRADESH","LUCKNOW","KAKORI","2019-03-14T16:44:43.94"
"NA","HORTICULTURE","Vegetables","Tomato","	Plant Protection	","Damping Off in ","NA","UTTAR PRADESH","LUCKNOW","SAROJANINAGAR","2019-03-14T17:12:23.563"
"NA","AGRICULTURE","Others","Others","Weather","Weather information of Lucknow District .........?","NA","UTTAR PRADESH","LUCKNOW","SAROJANINAGAR","2019-03-14T17:30:51.737"
"NA","HORTICULTURE","Vegetables","Pumpkin","Vegetative Propagation and Tissue Culture","Sowing time of zaid season pumpkin crop...?","NA","UTTAR PRADESH","LUCKNOW","SAROJANINAGAR","2019-03-14T19:10:49.08"
"NA","AGRICULTURE","Others","0","Weather"," Asking about weather information in district Lucknow ?
","NA","UTTAR PRADESH","LUCKNOW","SAROJANINAGAR","2019-03-14T19:42:12.457"
"NA","AGRICULTURE","Others","Others","Weather","Information about the weather in Lucknow  district..?
","NA","UTTAR PRADESH","LUCKNOW","MALIHABAD","2019-03-15T09:34:07.017"
"NA","HORTICULTURE","Fruits","Mango","	Plant Protection	","Fungal infection in mango crop   ?","NA","UTTAR PRADESH","LUCKNOW","MALIHABAD","2019-03-15T09:57:47.287"
"NA","HORTICULTURE","Vegetables","Bottle Gourd ","Cultural Practices","Weed management in Bottle Gourd ?","NA","UTTAR PRADESH","LUCKNOW","MAL","2019-03-15T09:58:07.537"
"NA","AGRICULTURE","Others","Others","Weather","Weather Information District Lucknow......?","NA","UTTAR PRADESH","LUCKNOW","MOHANLALGANJ","2019-03-15T10:00:29.483"
"NA","AGRICULTURE","Others","Others","Weather","Information about in Weather for District- Lucknow in block- Malihabad ....?
","NA","UTTAR PRADESH","LUCKNOW","MAL","2019-03-15T10:13:34.343"
"NA","AGRICULTURE","Others","Others","Weather","Asking about weather report for lucknow
","NA","UTTAR PRADESH","LUCKNOW","MOHANLALGANJ","2019-03-15T11:10:23.383"
"NA","AGRICULTURE","Cereals","Wheat","	Plant Protection	","What is the disadvantage of getting more water in the wheat crop for a long time?","NA","UTTAR PRADESH","LUCKNOW","BAKSHI-KA-TALAB","2019-03-15T12:25:32.067"
"NA","AGRICULTURE","Others","Others","Weather","blank call","NA","UTTAR PRADESH","LUCKNOW","MAL","2019-03-15T12:56:03.23"
"NA","AGRICULTURE","Cereals","Wheat","	Plant Protection	","Information About Irrigation In wheat ..?","NA","UTTAR PRADESH","LUCKNOW","MOHANLALGANJ","2019-03-15T18:12:16.227"
"NA","AGRICULTURE","Others","Others","Weather","Information about weather of weather of Lucknow ?","NA","UTTAR PRADESH","LUCKNOW","0   ","2019-03-15T21:36:30.643"
"NA","HORTICULTURE","Fruits","Mango","	Plant Protection	","Precaution from mango malformation?","NA","UTTAR PRADESH","LUCKNOW","KAKORI","2019-03-16T08:01:12.107"
"NA","AGRICULTURE","Oilseeds","Brown Sarson","Government Schemes","sarson ka oil nikalne ki training lena hai  ?","NA","UTTAR PRADESH","LUCKNOW","BAKSHI-KA-TALAB","2019-03-16T08:46:27.127"
"NA","HORTICULTURE","Fruits","Mango","Cultural Practices","Blossom at the time of Mango care information  ?
","NA","UTTAR PRADESH","LUCKNOW","SAROJANINAGAR","2019-03-16T11:56:56.2"
"NA","AGRICULTURE","Others","Others","Weather","Weather information in Lucknow ?
","NA","UTTAR PRADESH","LUCKNOW","BAKSHI-KA-TALAB","2019-03-16T13:33:15.25"
"NA","HORTICULTURE","Fruits","Mango","	Plant Protection	","Fruit Dropping In Mango Tree ...?","NA","UTTAR PRADESH","LUCKNOW","MAL","2019-03-16T14:12:37.377"
"NA","HORTICULTURE","Medicinal and Aromatic Plants","Mentha","Cultural Practices","Weed control in Mentha crop...?","NA","UTTAR PRADESH","LUCKNOW","KAKORI","2019-03-16T14:16:23.5"
"NA","AGRICULTURE","Others","Others","Weather","Vegetebal ki buwai kar skte hai ","NA","UTTAR PRADESH","LUCKNOW","SAROJANINAGAR","2019-03-16T14:27:40.907"
"NA","HORTICULTURE","Medicinal and Aromatic Plants","Mentha","Post Harvest Management (Cleaning, Grading, Packaging, Food Processing, Cool Chain etc.)","Weed cantrol in Mentha ....?","NA","UTTAR PRADESH","LUCKNOW","MAL","2019-03-16T15:33:29.887"
"NA","HORTICULTURE","Vegetables","Bottle Gourd ","	Plant Protection	","Leaf curling problem in bottle gourd..?","NA","UTTAR PRADESH","LUCKNOW","BAKSHI-KA-TALAB","2019-03-16T16:44:17.017"
"NA","AGRICULTURE","Others","Others","Weather","Weather Information  in Kakori  ?","NA","UTTAR PRADESH","LUCKNOW","KAKORI","2019-03-16T16:46:24.627"
"NA","HORTICULTURE","Fruits","Mango","	Plant Protection	","Fungus Problem In Mango Tree ...?","NA","UTTAR PRADESH","LUCKNOW","MALIHABAD","2019-03-16T17:05:12.55"
"NA","AGRICULTURE","Others","Others","Government Schemes","mashroom ki kheti par anudhan ki jankari...?","NA","UTTAR PRADESH","LUCKNOW","SAROJANINAGAR","2019-03-16T18:09:34.837"
"NA","HORTICULTURE","Fruits","Mango","	Plant Protection	","Powdery mildew control in mango plant..........?","NA","UTTAR PRADESH","LUCKNOW","BAKSHI-KA-TALAB","2019-03-16T19:16:21.49"
"NA","HORTICULTURE","Fruits","Mango","	Plant Protection	","Leaf malformation information of Mango plant ......?","NA","UTTAR PRADESH","LUCKNOW","BAKSHI-KA-TALAB","2019-03-16T19:34:30.413"
"NA","AGRICULTURE","Others","Others","Weather","Please tell me weather information in district Lucknow….?

","NA","UTTAR PRADESH","LUCKNOW","BAKSHI-KA-TALAB","2019-03-17T06:44:41.86"
"NA","AGRICULTURE","Others","Others","Weather","Weather information in Lucknow District ?
","NA","UTTAR PRADESH","LUCKNOW","MAL","2019-03-17T07:21:02.093"
"NA","HORTICULTURE","Medicinal and Aromatic Plants","Mentha","Cultural Practices","Mentha ki fasal me kharpatwarnashi dawa bataye ?
","NA","UTTAR PRADESH","LUCKNOW","MAL","2019-03-17T07:42:15.893"
"NA","AGRICULTURE","Others","Others","Weather","Information of weather in Block Gosaiganj District Lucknow...?
","NA","UTTAR PRADESH","LUCKNOW","GOSAIGANJ","2019-03-17T07:50:41.93"
"NA","HORTICULTURE","Fruits","Mango","	Plant Protection	","Black spot of mango  flower........?","NA","UTTAR PRADESH","LUCKNOW","BAKSHI-KA-TALAB","2019-03-17T08:40:47.61"
"NA","AGRICULTURE","Others","Others","Weed Management","Weed Management in Free field..?","NA","UTTAR PRADESH","LUCKNOW","BAKSHI-KA-TALAB","2019-03-17T10:02:59.65"
"NA","AGRICULTURE","Others","Others","Weather","Asking About Weather Information in Lucknow 
","NA","UTTAR PRADESH","LUCKNOW","SAROJANINAGAR","2019-03-17T10:07:47.85"
"NA","AGRICULTURE","Others","Others","Weather","Weather Information of District- Luckonow in Block-Kakori....?","NA","UTTAR PRADESH","LUCKNOW","KAKORI","2019-03-17T10:28:38.483"
"NA","AGRICULTURE","Others","Others","Weather","Tell me about weather information of this week at Kakori Block,District Lucknow?","NA","UTTAR PRADESH","LUCKNOW","KAKORI","2019-03-17T10:29:27.95"
"NA","AGRICULTURE","Others","Others","Weather","Asking about weather report for lucknow
","NA","UTTAR PRADESH","LUCKNOW","CHINHAT","2019-03-17T10:58:48.803"
"NA","AGRICULTURE","Others","Others","Weather","Information about the weather in Lucknow district ....?
","NA","UTTAR PRADESH","LUCKNOW","MALIHABAD","2019-03-17T11:38:30.527"
"NA","AGRICULTURE","Others","Others","Weather","Weather information of Gosaigabj, Lucknow...?","NA","UTTAR PRADESH","LUCKNOW","GOSAIGANJ","2019-03-17T12:40:37.657"
"NA","AGRICULTURE","Others","Others","Weather","Plz give me weather information district.Lucknow?
","NA","UTTAR PRADESH","LUCKNOW","MOHANLALGANJ","2019-03-17T12:44:48.273"
"NA","AGRICULTURE","Others","Others","Weather","Information about in Weather for District-Lucknow. in block-Gosaigabj..?
","NA","UTTAR PRADESH","LUCKNOW","GOSAIGANJ","2019-03-17T13:12:55.323"
"NA","HORTICULTURE","Fruits","Mango","Nutrient Management","Control of flower dropping in Mango","NA","UTTAR PRADESH","LUCKNOW","SAROJANINAGAR","2019-03-17T13:45:40.38"
"NA","AGRICULTURE","Others","Others","Weather","Information about the weather in Lucknow district ....?
","NA","UTTAR PRADESH","LUCKNOW","BAKSHI-KA-TALAB","2019-03-17T13:58:59.157"
"NA","AGRICULTURE","Others","Others","Weather","WEATHAR INFO OF LUCKNOW.?","NA","UTTAR PRADESH","LUCKNOW","BAKSHI-KA-TALAB","2019-03-17T14:07:15.133"
"NA","AGRICULTURE","Others","Others","Weather","Information about Weather of Lucknow District .....?
","NA","UTTAR PRADESH","LUCKNOW","GOSAIGANJ","2019-03-17T14:36:50.243"
"NA","AGRICULTURE","Others","Others","Weather","Please give me weather information for  Lucknow ?
","NA","UTTAR PRADESH","LUCKNOW","MOHANLALGANJ","2019-03-17T14:42:25.07"
"NA","AGRICULTURE","Others","Others","Weather","Weather Information of  Malihabad in District- Lucknow  ...?","NA","UTTAR PRADESH","LUCKNOW","MALIHABAD","2019-03-17T14:47:56.653"
"NA","AGRICULTURE","Others","Others","Weather","Weather information of district  Lucknow...?
","NA","UTTAR PRADESH","LUCKNOW","MAL","2019-03-17T16:12:00.623"
"NA","HORTICULTURE","Fruits","Jack Fruit","	Plant Protection	","Fungus control in jack fruit ..?","NA","UTTAR PRADESH","LUCKNOW","BAKSHI-KA-TALAB","2019-03-17T16:12:08.92"
"NA","AGRICULTURE","Others","Others","Weather","Weather information in lucknow district ?","NA","UTTAR PRADESH","LUCKNOW","MAL","2019-03-17T16:29:01.263"
"NA","HORTICULTURE","Fruits","Papaya","	Plant Protection	","Flower drop Problem in Papaya....?","NA","UTTAR PRADESH","LUCKNOW","BAKSHI-KA-TALAB","2019-03-17T16:33:44.907"
"NA","HORTICULTURE","Fruits","Mango","	Plant Protection	","Disease control on mango plant?
","NA","UTTAR PRADESH","LUCKNOW","BAKSHI-KA-TALAB","2019-03-17T17:49:21.157"
"NA","HORTICULTURE","Medicinal and Aromatic Plants","Mentha","Fertilizer Use and Availability","Mentha me  Fertilizer ka pryog ki jankari...?","NA","UTTAR PRADESH","LUCKNOW","GOSAIGANJ","2019-03-17T17:58:56.163"
"NA","AGRICULTURE","Others","Others","Weather","Information about weather of Lucknow ?","NA","UTTAR PRADESH","LUCKNOW","MALIHABAD","2019-03-17T19:24:50.1"
"NA","AGRICULTURE","Oilseeds","Mustard","Seeds","Harvest information of mustard ?","NA","UTTAR PRADESH","LUCKNOW","MAL","2019-03-17T20:24:51.413"
"NA","AGRICULTURE","0","0","Weather","Weather information in lucknow district ?","NA","UTTAR PRADESH","LUCKNOW","BAKSHI-KA-TALAB","2019-03-17T21:10:26.777"
"NA","AGRICULTURE","Others","Others","Weather","blank call","NA","UTTAR PRADESH","LUCKNOW","BAKSHI-KA-TALAB","2019-03-18T07:36:04.107"
"NA","ANIMAL HUSBANDRY","Animal","POULTRY  FARM ","Disease Management","Murgi palan vibhag ka number den?","NA","UTTAR PRADESH","LUCKNOW","MOHANLALGANJ","2019-03-18T10:59:08.507"
"NA","AGRICULTURE","Others","Others","Government Schemes","Please give me information about pradhan mantri kisan samman nidhi yojna...?","NA","UTTAR PRADESH","LUCKNOW","MAL","2019-03-18T11:17:31.34"
"NA","HORTICULTURE","Flowers","Marigold","Cultural Practices","weed control of marigold","NA","UTTAR PRADESH","LUCKNOW","KAKORI","2019-03-18T11:55:33.383"
"NA","HORTICULTURE","Fruits","Mango","	Plant Protection	","Hopper control in mango plants information ?","NA","UTTAR PRADESH","LUCKNOW","MALIHABAD","2019-03-18T13:54:08.07"
"NA","HORTICULTURE","Plantation Crops","Eculeptous","Credit","Pls tell me what is dose of micronutrients i 5 year Eculeptous plants ?","NA","UTTAR PRADESH","LUCKNOW","GOSAIGANJ","2019-03-18T15:11:59.23"
"NA","HORTICULTURE","Fruits","Mango","	Plant Protection	","protection of mango Blossom?","NA","UTTAR PRADESH","LUCKNOW","GOSAIGANJ","2019-03-18T15:24:53.17"
"NA","HORTICULTURE","Medicinal and Aromatic Plants","Mentha","Cultural Practices","Information about weed control in Mentha crop?","NA","UTTAR PRADESH","LUCKNOW","GOSAIGANJ","2019-03-18T16:01:46.21"
"NA","AGRICULTURE","Others","Others","Weather","Weather information in lucknow district ?","NA","UTTAR PRADESH","LUCKNOW","BAKSHI-KA-TALAB","2019-03-18T21:11:23.04"
"NA","HORTICULTURE","Medicinal and Aromatic Plants","Mentha","	Plant Protection	","Weed management in the mentha crops","NA","UTTAR PRADESH","LUCKNOW","MAL","2019-03-19T08:59:46.897"
"NA","HORTICULTURE","Fruits","Mango","Cultural Practices","amrpaali aam  me doori kitni rakhe ?","NA","UTTAR PRADESH","LUCKNOW","MAL","2019-03-19T10:50:04.8"
"NA","AGRICULTURE","Others","Others","Weather","Plz give me weather information for District  Lucknow ?
","NA","UTTAR PRADESH","LUCKNOW","MAL","2019-03-19T11:33:15.97"
"NA","AGRICULTURE","Cereals","Wheat","Cultural Practices","Information about irrigation in wheat crop...?","NA","UTTAR PRADESH","LUCKNOW","KAKORI","2019-03-19T14:54:14.073"
"NA","AGRICULTURE","Others","0","Weather","information about weather district lucknow ...?
","NA","UTTAR PRADESH","LUCKNOW","BAKSHI-KA-TALAB","2019-03-19T15:31:21.43"
"NA","AGRICULTURE","Cereals","Wheat","	Plant Protection	","Dhaniya ki buwai  kar skte hai ","NA","UTTAR PRADESH","LUCKNOW","SAROJANINAGAR","2019-03-19T17:14:00.3"
"NA","HORTICULTURE","Medicinal and Aromatic Plants","Mentha","Cultural Practices","Information about control of weed in metha.......?
","NA","UTTAR PRADESH","LUCKNOW","BAKSHI-KA-TALAB","2019-03-19T20:05:32.867"
"NA","HORTICULTURE","Vegetables","Pumpkin","	Plant Protection	","Thrips control in pumpkin crop?","NA","UTTAR PRADESH","LUCKNOW","BAKSHI-KA-TALAB","2019-03-20T10:35:31.657"
"NA","AGRICULTURE","Others","Others","Weather","Weather information of Gosainganj,Lucknow...?","NA","UTTAR PRADESH","LUCKNOW","GOSAIGANJ","2019-03-20T16:04:08.707"
"NA","HORTICULTURE","Vegetables","Tomato","	Plant Protection	","fangal leaf problem in tomato crop...?","NA","UTTAR PRADESH","LUCKNOW","GOSAIGANJ","2019-03-20T16:13:38.703"
"NA","HORTICULTURE","Flowers","Rose","	Plant Protection	","Die back problem in Rose....?","NA","UTTAR PRADESH","LUCKNOW","KAKORI","2019-03-20T17:28:17.777"
"NA","AGRICULTURE","Others","Others","Weather","plz, tell me weather informatipon for lucknow dist?","NA","UTTAR PRADESH","LUCKNOW","MALIHABAD","2019-03-20T17:57:11.413"
"NA","AGRICULTURE","Others","Others","Weather","Weather information in lucknow  district..?","NA","UTTAR PRADESH","LUCKNOW","BAKSHI-KA-TALAB","2019-03-20T18:46:23.027"
"NA","AGRICULTURE","Others","Others","Weather","weathar info of lucknow..?","NA","UTTAR PRADESH","LUCKNOW","SAROJANINAGAR","2019-03-20T19:47:33.883"
"NA","AGRICULTURE","Others","Others","Weather","Weather information in  lucknow district ?","NA","UTTAR PRADESH","LUCKNOW","SAROJANINAGAR","2019-03-20T19:48:18.033"
"NA","AGRICULTURE","Others","Others","Weather","Weather Information of District .Lucknow. . .....?","NA","UTTAR PRADESH","LUCKNOW","MAL","2019-03-21T09:08:41.683"
"NA","HORTICULTURE","Vegetables","Pumpkin","	Plant Protection	","Plant protection measure fruit fly in pumpkin crop ...?","NA","UTTAR PRADESH","LUCKNOW","BAKSHI-KA-TALAB","2019-03-21T09:21:17.433"
"NA","AGRICULTURE","Others","Others","Weather","Give weather information about district Lucknow?","NA","UTTAR PRADESH","LUCKNOW","MAL","2019-03-21T09:48:11.113"
"NA","HORTICULTURE","Fruits","Mango","	Plant Protection	","Aam me me mango malformation laga hai?","NA","UTTAR PRADESH","LUCKNOW","GOSAIGANJ","2019-03-21T11:53:13.467"
"NA","AGRICULTURE","Others","Others","Weather","Weather information of district lucknow ?
","NA","UTTAR PRADESH","LUCKNOW","GOSAIGANJ","2019-03-21T13:33:14.51"
"NA","HORTICULTURE","Fruits","Mango","	Plant Protection	","AAm me kon insecticide ka prayog kare  ?","NA","UTTAR PRADESH","LUCKNOW","MALIHABAD","2019-03-21T17:50:47.517"
"NA","AGRICULTURE","Others","Others","Weather","plz, tell me weather information for lucknow dist?","NA","UTTAR PRADESH","LUCKNOW","MAL","2019-03-21T18:14:01.343"
"NA","AGRICULTURE","Others","Others","Government Schemes","Information about Pradhan mantri samman nidhi yojana.........?","NA","UTTAR PRADESH","LUCKNOW","SAROJANINAGAR","2019-03-21T18:56:35.013"
"NA","HORTICULTURE","Medicinal and Aromatic Plants","Mentha","Fertilizer Use and Availability","Fertilizer Use in Mentha crops ....?","NA","UTTAR PRADESH","LUCKNOW","BAKSHI-KA-TALAB","2019-03-21T19:46:26.813"
"NA","HORTICULTURE","Fruits","Mango","	Plant Protection	","information for flower insect in mango crop?","NA","UTTAR PRADESH","LUCKNOW","BAKSHI-KA-TALAB","2019-03-21T20:38:37.643"
"NA","HORTICULTURE","Fruits","Mango","	Plant Protection	","Flower Drop of mango ...........?","NA","UTTAR PRADESH","LUCKNOW","KAKORI","2019-03-22T09:27:44.55"
"NA","HORTICULTURE","Fruits","Mango","	Plant Protection	","insect problam in mango plant ","NA","UTTAR PRADESH","LUCKNOW","MALIHABAD","2019-03-22T09:31:54.543"
"NA","HORTICULTURE","Vegetables","Cucumber","	Plant Protection	","kheera me jhulsa laga hai ?","NA","UTTAR PRADESH","LUCKNOW","BAKSHI-KA-TALAB","2019-03-22T10:10:53.943"
"NA","HORTICULTURE","Vegetables","Bottle Gourd ","Cultural Practices","information of variety Bottel Gourd  ?","NA","UTTAR PRADESH","LUCKNOW","CHINHAT","2019-03-22T10:55:56.657"
"NA","HORTICULTURE","Fruits","Mango","Nutrient Management","Provide information to get good results from mango plants. ?","NA","UTTAR PRADESH","LUCKNOW","MAL","2019-03-22T13:35:14.973"
"NA","AGRICULTURE","Others","Others","Government Schemes","Pradhanmantri kisan samman nidhi yojana ke controle room ka phone number ..?","NA","UTTAR PRADESH","LUCKNOW","SAROJANINAGAR","2019-03-22T13:42:15.677"
"NA","HORTICULTURE","Vegetables","Chillies","	Plant Protection	","Information about control of aphid in Chillies....?
","NA","UTTAR PRADESH","LUCKNOW","MALIHABAD","2019-03-22T14:35:29.28"
"NA","HORTICULTURE","Medicinal and Aromatic Plants","Mentha","Nutrient Management","Nutrient management of Mentha crop ?","NA","UTTAR PRADESH","LUCKNOW","GOSAIGANJ","2019-03-22T15:00:54.493"
"NA","AGRICULTURE","Fodder Crops","fodder sorghum","Varieties","Varieties of Fodder Sorgum...?","NA","UTTAR PRADESH","LUCKNOW","MALIHABAD","2019-03-22T15:26:30.387"
"NA","AGRICULTURE","Others","Others","Weather","Weather information of kakori , lucknow ?","NA","UTTAR PRADESH","LUCKNOW","KAKORI","2019-03-22T18:00:27.567"
"NA","AGRICULTURE","Others","Others","Weather","Weather information  Itaunja   ? 
","NA","UTTAR PRADESH","LUCKNOW","BAKSHI-KA-TALAB","2019-03-22T19:25:39.257"
"NA","AGRICULTURE","Others","Others","Weather","Plz give me weather information in district.Lucknow?
","NA","UTTAR PRADESH","LUCKNOW","BAKSHI-KA-TALAB","2019-03-22T21:30:46.62"
"NA","HORTICULTURE","Vegetables","Tomato","Nutrient Management","Information about nutrition management in the tomato crop. ?","NA","UTTAR PRADESH","LUCKNOW","KAKORI","2019-03-23T08:38:03.367"
"NA","HORTICULTURE","Fruits","Mango","	Plant Protection	","Mango insect control information.....?","NA","UTTAR PRADESH","LUCKNOW","BAKSHI-KA-TALAB","2019-03-23T10:37:29.7"
"NA","HORTICULTURE","Medicinal and Aromatic Plants","Mentha","Medicinal and Aromatic Plants","Give information about market rate of Mentha ?","NA","UTTAR PRADESH","LUCKNOW","MOHANLALGANJ","2019-03-23T10:38:17.967"
"NA","HORTICULTURE","Vegetables","Cauliflower","	Plant Protection	","BADHA GRASS PROBLEM IN CAULIFLOWER?","NA","UTTAR PRADESH","LUCKNOW","BAKSHI-KA-TALAB","2019-03-23T10:38:42.973"
"NA","HORTICULTURE","Medicinal and Aromatic Plants","Mentha","Cultural Practices","Pree weed control in mentha crop...?","NA","UTTAR PRADESH","LUCKNOW","MOHANLALGANJ","2019-03-23T11:06:44.78"
"NA","AGRICULTURE","Cereals","Wheat","	Plant Protection	","Wheat crop information ?","NA","UTTAR PRADESH","LUCKNOW","SAROJANINAGAR","2019-03-23T11:10:51.513"
"NA","AGRICULTURE","Others","Others","Weather"," Farmer brothers want information about the weather in their district Lucknow ?
","NA","UTTAR PRADESH","LUCKNOW","BAKSHI-KA-TALAB","2019-03-23T11:53:51.267"
"NA","HORTICULTURE","Vegetables","Cowpea (Vegetable)","	Plant Protection	","Sowing time in cowpea.....?","NA","UTTAR PRADESH","LUCKNOW","MAL","2019-03-23T13:45:32.02"
"NA","AGRICULTURE","Others","Others","Weather","Weather information of malihabad , lucknow","NA","UTTAR PRADESH","LUCKNOW","MAL","2019-03-23T16:30:09.53"
"NA","HORTICULTURE","Fruits","Mango","	Plant Protection	","Information of Monocrotophos dose in Mango  Plant ........?","NA","UTTAR PRADESH","LUCKNOW","MALIHABAD","2019-03-23T16:36:21.623"
"NA","AGRICULTURE","Others","Others","	Plant Protection	","INSECT CONTROL IN SEMAL ?","NA","UTTAR PRADESH","LUCKNOW","MOHANLALGANJ","2019-03-23T17:27:22.487"
"NA","AGRICULTURE","Cereals","Wheat","Cultural Practices","Dana bharte samay ganhu ki sichayee ki jay ya nhi........?","NA","UTTAR PRADESH","LUCKNOW","MAL","2019-03-23T17:31:29.907"
"NA","AGRICULTURE","Others","Others","Government Schemes","sms se judi jankaari.....?","NA","UTTAR PRADESH","LUCKNOW","CHINHAT","2019-03-23T19:40:36.897"
"NA","HORTICULTURE","Vegetables","Mushroom","Vegetative Propagation and Tissue Culture","Information for Mushroom Cultivation ...?","NA","UTTAR PRADESH","LUCKNOW","BAKSHI-KA-TALAB","2019-03-23T20:15:36.88"
"NA","AGRICULTURE","Oilseeds","Soybean (bhat)","	Plant Protection	","Jayad me Soyabean ki kis samay Buvai ki jati hai. .....?","NA","UTTAR PRADESH","LUCKNOW","MALIHABAD","2019-03-23T20:47:19.197"
"NA","HORTICULTURE","Fruits","Mango","	Plant Protection	","Plant Protection of Mango ?","NA","UTTAR PRADESH","LUCKNOW","MALIHABAD","2019-03-24T07:34:02.597"
"NA","HORTICULTURE","Fruits","Musk Melon","	Plant Protection	","Plant Protection in Musk Melon crop.....?","NA","UTTAR PRADESH","LUCKNOW","GOSAIGANJ","2019-03-24T08:47:01.267"
"NA","HORTICULTURE","Fruits","Guava","	Plant Protection	","Control of Insecte in the Guava plants.......?","NA","UTTAR PRADESH","LUCKNOW","CHINHAT","2019-03-24T08:58:21.683"
"NA","HORTICULTURE","Vegetables","Bitter Gourd","	Plant Protection	","grouth problam in bitter gourd ","NA","UTTAR PRADESH","LUCKNOW","MALIHABAD","2019-03-24T10:00:21.683"
"NA","AGRICULTURE","Others","Others","Training and Exposure Visits","Mushroom Training Information...?","NA","UTTAR PRADESH","LUCKNOW","MOHANLALGANJ","2019-03-24T10:50:41.563"
"NA","AGRICULTURE","Others","Others","Weather","Weather information of district  lucknow ?
","NA","UTTAR PRADESH","LUCKNOW","KAKORI","2019-03-24T10:55:08.577"
"NA","AGRICULTURE","Others","Others","Government Schemes","Complaint about Pradhan Mantri Kisan Samman Nidhi Yojana?","NA","UTTAR PRADESH","LUCKNOW","MALIHABAD","2019-03-24T12:13:42.167"
"NA","AGRICULTURE","Others","Others","Government Schemes","Krishi yantra par subsidy lena hai? ","NA","UTTAR PRADESH","LUCKNOW","MALIHABAD","2019-03-24T12:14:40.917"
"NA","HORTICULTURE","Fruits","Mango","	Plant Protection	","insect damage in mango fruit ?","NA","UTTAR PRADESH","LUCKNOW","MALIHABAD","2019-03-24T12:47:53.243"
"NA","AGRICULTURE","Others","Others","Training and Exposure Visits","PLZ TELL ME UP SATE INFORMATION 
","NA","UTTAR PRADESH","LUCKNOW","KAKORI","2019-03-24T13:41:38.4"
"NA","AGRICULTURE","Others","Others","Training and Exposure Visits","PLZ TELL ME UP SATE INFORMATION 
","NA","UTTAR PRADESH","LUCKNOW","KAKORI","2019-03-24T13:56:36.313"
"NA","HORTICULTURE","Medicinal and Aromatic Plants","Aloe Vera","Vegetative Propagation and Tissue Culture","Information about Aloe vera cultivation...?","NA","UTTAR PRADESH","LUCKNOW","MOHANLALGANJ","2019-03-24T15:10:49.333"
"NA","AGRICULTURE","Others","Others","Weather","Information about Weather of Lucknow ? ","NA","UTTAR PRADESH","LUCKNOW","MAL","2019-03-24T15:17:29.137"
"NA","HORTICULTURE","Fruits","Melon","	Plant Protection	","tarbooj ke paudh sookh rha hai ?","NA","UTTAR PRADESH","LUCKNOW","BAKSHI-KA-TALAB","2019-03-24T16:21:11.893"
"NA","ANIMAL HUSBANDRY","Animal","Dog","Disease Reporting","pasupalan ki jankari de ?","NA","UTTAR PRADESH","LUCKNOW","BAKSHI-KA-TALAB","2019-03-24T19:03:16.71"
"NA","AGRICULTURE","Others","Others","Government Schemes","Information about Kisan Panjikaran Website....?","NA","UTTAR PRADESH","LUCKNOW","BAKSHI-KA-TALAB","2019-03-24T21:34:44.023"
"NA","AGRICULTURE","Others","Others","Weather","Lucknow Zile Ki Mausam Ki Jankari Bataye
","NA","UTTAR PRADESH","LUCKNOW","MAL","2019-03-25T06:26:13.033"
"NA","AGRICULTURE","Others","Others","Weather","Please give me weather information for Lucknow ?
","NA","UTTAR PRADESH","LUCKNOW","MALIHABAD","2019-03-25T06:32:09.76"
"NA","AGRICULTURE","Others","Others","Weather","Weather information about District Lucknow ?
","NA","UTTAR PRADESH","LUCKNOW","MAL","2019-03-25T06:42:06.81"
"NA","AGRICULTURE","Others","Others","Weather","Please give me weather information in district Lucknow..? ","NA","UTTAR PRADESH","LUCKNOW","BAKSHI-KA-TALAB","2019-03-25T07:10:09.367"
"NA","AGRICULTURE","Others","Others","Weather","Weather information in Lucknow ?","NA","UTTAR PRADESH","LUCKNOW","MAL","2019-03-25T07:36:03.35"
"NA","HORTICULTURE","Vegetables","Watermelon","	Plant Protection	","Leafcurl Virus control in Watermelon crop   ?","NA","UTTAR PRADESH","LUCKNOW","MAL","2019-03-25T08:15:04.717"
"NA","AGRICULTURE","Others","Others","Weather","Please give me Weather information in Lucknow….. ? 
","NA","UTTAR PRADESH","LUCKNOW","MAL","2019-03-25T09:02:59.967"
"NA","HORTICULTURE","Vegetables","Cucumber","	Plant Protection	","Khira me patti pili pad rahe hai ?","NA","UTTAR PRADESH","LUCKNOW","KAKORI","2019-03-25T09:05:18.917"
"NA","AGRICULTURE","Others","Others","Weather","Plz give me weather information in district.Lucknow?
","NA","UTTAR PRADESH","LUCKNOW","KAKORI","2019-03-25T09:15:14.593"
"NA","AGRICULTURE","Others","Others","Weather","Weather Information of Mohanlalganj District Lucknow ?
","NA","UTTAR PRADESH","LUCKNOW","MOHANLALGANJ","2019-03-25T09:30:50.073"
"NA","AGRICULTURE","Others","Others","Weather","Weather information in Lucknow district…?","NA","UTTAR PRADESH","LUCKNOW","SAROJANINAGAR","2019-03-25T11:13:43.043"
"NA","HORTICULTURE","Medicinal and Aromatic Plants","Mentha","Post Harvest Management (Cleaning, Grading, Packaging, Food Processing, Cool Chain etc.)","Weed Management in Mentha Crop...?","NA","UTTAR PRADESH","LUCKNOW","GOSAIGANJ","2019-03-25T11:30:32.187"
"NA","AGRICULTURE","Others","Others","Weather","Information about Weather of District Lucknow 
","NA","UTTAR PRADESH","LUCKNOW","GOSAIGANJ","2019-03-25T12:09:08.14"
"NA","AGRICULTURE","Others","Others","Weather","About weather information of Kakori in Lucknow District?","NA","UTTAR PRADESH","LUCKNOW","KAKORI","2019-03-25T14:12:43.507"
"NA","HORTICULTURE","Vegetables","Tomato","	Plant Protection	","tamer ke fol gir raha hai ?","NA","UTTAR PRADESH","LUCKNOW","SAROJANINAGAR","2019-03-25T14:22:13.147"
"NA","HORTICULTURE","Vegetables","Mushroom","Mushroom Production","Caultivation in  Mushroom crop ?","NA","UTTAR PRADESH","LUCKNOW","BAKSHI-KA-TALAB","2019-03-25T14:43:36.247"
"NA","HORTICULTURE","Fruits","Mango","Bio-Pesticides and Bio-Fertilizers","FLOWER DROPS MANAGEMENT IN MANGO PLANT.....?
","NA","UTTAR PRADESH","LUCKNOW","MAL","2019-03-25T15:15:32.99"
"NA","AGRICULTURE","Others","Others","Weather","Tell me about weather information in district Lucknow Kakori?","NA","UTTAR PRADESH","LUCKNOW","KAKORI","2019-03-25T15:25:14.94"
"NA","HORTICULTURE","Fruits","Mango","Agriculture Mechanization","tell about good quality for mango fruit?","NA","UTTAR PRADESH","LUCKNOW","SAROJANINAGAR","2019-03-25T15:44:18.463"
"NA","AGRICULTURE","Others","Others","Weather","Weather information of district Lucknow...?
","NA","UTTAR PRADESH","LUCKNOW","BAKSHI-KA-TALAB","2019-03-25T15:47:20.14"
"NA","AGRICULTURE","Others","Others","Weather","Farmer brothers are asking information about the weather in their district lucknow ?
","NA","UTTAR PRADESH","LUCKNOW","MAL","2019-03-25T16:22:31.71"
"NA","HORTICULTURE","Vegetables","Chillies","Cultural Practices","Flower doping cantrol of Chillies ?","NA","UTTAR PRADESH","LUCKNOW","GOSAIGANJ","2019-03-25T17:17:45.073"
"NA","AGRICULTURE","Oilseeds","Mustard","Market Information","Market information in Mustard crop ?","NA","UTTAR PRADESH","LUCKNOW","GOSAIGANJ","2019-03-25T17:24:35.78"
"NA","AGRICULTURE","Oilseeds","Mustard","Market Information","Market information in Mustard crop ?","NA","UTTAR PRADESH","LUCKNOW","GOSAIGANJ","2019-03-25T17:24:36.84"
"NA","HORTICULTURE","Fruits","Acid Lime","	Plant Protection	","Flower dropped control information of Acid control.....?","NA","UTTAR PRADESH","LUCKNOW","MOHANLALGANJ","2019-03-25T17:59:58.993"
"NA","AGRICULTURE","Others","Others","Weather","Incomplete call....?
","NA","UTTAR PRADESH","LUCKNOW","GOSAIGANJ","2019-03-26T07:02:16.147"
"NA","AGRICULTURE","Others","Others","Weather","Information about weather condition at Gosainganj block district Lucknow ?
","NA","UTTAR PRADESH","LUCKNOW","GOSAIGANJ","2019-03-26T07:11:02.09"
"NA","AGRICULTURE","Others","Others","Weather","Please give me Weather information in Raebareli….. ?       
","NA","UTTAR PRADESH","LUCKNOW","MAL","2019-03-26T07:23:41.46"
"NA","HORTICULTURE","Fruits","Mango","Cultural Practices","Floral Malformation Problem in Mango plants ?","NA","UTTAR PRADESH","LUCKNOW","BAKSHI-KA-TALAB","2019-03-26T12:06:33.427"
"NA","HORTICULTURE","Fruits","Mango","Nutrient Management","Want to spray zinc in mango plant at flowering stage?","NA","UTTAR PRADESH","LUCKNOW","MAL","2019-03-26T12:20:50.843"
"NA","ANIMAL HUSBANDRY","Animal","Bovine(Cow,Buffalo)","Animal Production (Piggery, Goatery, Sheep Farming etc.)","Animal Husbandry Department Help Line Number ?

","NA","UTTAR PRADESH","LUCKNOW","SAROJANINAGAR","2019-03-27T17:49:23.27"
"NA","AGRICULTURE","Others","Others","Weather"," Weather Information of Malihabad in District- Lucknow  ...?","NA","UTTAR PRADESH","LUCKNOW","MALIHABAD","2019-03-27T17:54:08.017"
"NA","AGRICULTURE","Others","Others","Weather","information about weather district lucknow ...?
","NA","UTTAR PRADESH","LUCKNOW","BAKSHI-KA-TALAB","2019-03-27T17:56:52.1"
"NA","HORTICULTURE","Vegetables","Bottle Gourd ","	Plant Protection	","Loki ki phasal me buvai ke samay  podhe se podhe ki doori or line se line ki doori kitani rakhe. .....?","NA","UTTAR PRADESH","LUCKNOW","BAKSHI-KA-TALAB","2019-03-28T09:07:40.013"
"NA","HORTICULTURE","Condiments and Spices","Coriander","Spices and Condiment Crops","Sowing time of Coriander ?","NA","UTTAR PRADESH","LUCKNOW","MAL","2019-03-28T09:45:22.177"
"NA","HORTICULTURE","Fruits","Mango","	Plant Protection	","fruits droping in mango ...?","NA","UTTAR PRADESH","LUCKNOW","SAROJANINAGAR","2019-03-28T11:28:24.553"
"NA","HORTICULTURE","Fruits","Mango","	Plant Protection	","Plant protection in mango ?","NA","UTTAR PRADESH","LUCKNOW","BAKSHI-KA-TALAB","2019-03-28T12:04:27.597"
"NA","AGRICULTURE","Others","Others","Weather","Please give me weather information in disrict- Lucknow ............?","NA","UTTAR PRADESH","LUCKNOW","MAL","2019-03-28T13:08:39.823"
"NA","AGRICULTURE","Others","Others","Weather","Please tell me weather information in district Lucknow….?
","NA","UTTAR PRADESH","LUCKNOW","MALIHABAD","2019-03-28T13:10:47.73"
"NA","AGRICULTURE","Others","Others","Government Schemes","Information about electric department...?","NA","UTTAR PRADESH","LUCKNOW","MALIHABAD","2019-03-28T14:17:08.25"
"NA","AGRICULTURE","Others","Others","Government Schemes","Krishi yantra lena hai ?","NA","UTTAR PRADESH","LUCKNOW","BAKSHI-KA-TALAB","2019-03-28T15:27:48.423"
"NA","HORTICULTURE","Fruits","Mango","	Plant Protection	","aam me fal chedak kit laga hai ?","NA","UTTAR PRADESH","LUCKNOW","MALIHABAD","2019-03-28T18:34:49.07"
"NA","AGRICULTURE","0","0","0","Call disconnect","NA","UTTAR PRADESH","LUCKNOW","BAKSHI-KA-TALAB","2019-03-28T18:59:43.847"
"NA","HORTICULTURE","Vegetables","0","0","disconnected","NA","UTTAR PRADESH","LUCKNOW","CHINHAT","2019-03-28T21:04:30.427"
"NA","AGRICULTURE","Others","Others","Weather","Cucumber has grown to grow 2 months, is it low?","NA","UTTAR PRADESH","LUCKNOW","KAKORI","2019-03-29T07:11:06.597"
"NA","AGRICULTURE","Others","Others","Soil Health Card"," farmer needs information regarding collection method of soil sample for soil testing?","NA","UTTAR PRADESH","LUCKNOW","MOHANLALGANJ","2019-03-29T09:10:09.397"
"NA","HORTICULTURE","Fruits","Mango","	Plant Protection	","Plant protection in Mango tree....?","NA","UTTAR PRADESH","LUCKNOW","MALIHABAD","2019-03-29T09:16:29.87"
"NA","HORTICULTURE","Fruits","Banana","Cultural Practices","Cultural practices in banana....?","NA","UTTAR PRADESH","LUCKNOW","BAKSHI-KA-TALAB","2019-03-29T10:17:10.433"
"NA","HORTICULTURE","Medicinal and Aromatic Plants","Mentha","Cultural Practices","Weed control in Mentha Crop    ?","NA","UTTAR PRADESH","LUCKNOW","MAL","2019-03-29T13:17:46.467"
"NA","HORTICULTURE","Vegetables","Bottle Gourd ","Cultural Practices","Information about of bottle Gourd Varieties  ?","NA","UTTAR PRADESH","LUCKNOW","BAKSHI-KA-TALAB","2019-03-29T15:39:44.28"
"NA","HORTICULTURE","Fruits","Mango","	Plant Protection	","Plant Protection in mango fruit.....?","NA","UTTAR PRADESH","LUCKNOW","MALIHABAD","2019-03-29T18:19:19.663"
"NA","AGRICULTURE","Others","Others","Weather","About weather information of itaunja in laucknow ..?	","NA","UTTAR PRADESH","LUCKNOW","BAKSHI-KA-TALAB","2019-03-29T21:05:34.633"
"NA","HORTICULTURE","Vegetables","Watermelon","	Plant Protection	","Information for weed management in water melon crop..?","NA","UTTAR PRADESH","LUCKNOW","CHINHAT","2019-03-30T06:24:48.07"
"NA","HORTICULTURE","Vegetables","Ribbed Gourd (Kali Tori)","Cultural Practices","Torai me phul nahi aa rahe hai ?","NA","UTTAR PRADESH","LUCKNOW","BAKSHI-KA-TALAB","2019-03-30T06:55:43.18"
"NA","HORTICULTURE","Fruits","Mango","	Plant Protection	","aam ke baur me keet lage hai ?","NA","UTTAR PRADESH","LUCKNOW","MAL","2019-03-30T07:08:16.543"
"NA","HORTICULTURE","Medicinal and Aromatic Plants","Mentha","Cultural Practices","weed control in mentha crop information ?
","NA","UTTAR PRADESH","LUCKNOW","GOSAIGANJ","2019-03-30T08:26:11.413"
"NA","HORTICULTURE","Fruits","Mango","	Plant Protection	","Black spots are on the fruits of mango.","NA","UTTAR PRADESH","LUCKNOW","KAKORI","2019-03-30T11:11:54.52"
"NA","AGRICULTURE","Others","0","Weather","Central Institute of Medicinal and Aromatic Plants
","NA","UTTAR PRADESH","LUCKNOW","MOHANLALGANJ","2019-03-30T12:25:26.59"
"NA","AGRICULTURE","Sugar and Starch Crops","Sugarcane (Noble Cane)","Agriculture Mechanization","Ganne ka sirka banane ki vidhi   ?","NA","UTTAR PRADESH","LUCKNOW","MOHANLALGANJ","2019-03-30T12:34:24.173"
"NA","HORTICULTURE","Vegetables","Pumpkin","	Plant Protection	","plant protection in Pumpkin..........?
","NA","UTTAR PRADESH","LUCKNOW","MAL","2019-03-30T16:58:16.867"
"NA","HORTICULTURE","Fruits","Mango","	Plant Protection	","Bollworm pest in Mango....?","NA","UTTAR PRADESH","LUCKNOW","SAROJANINAGAR","2019-03-30T17:44:01.217"
"NA","HORTICULTURE","Medicinal and Aromatic Plants","Mentha","Cultural Practices","mentha me  montha ke control ke liye  kiya prayog kare ?","NA","UTTAR PRADESH","LUCKNOW","MAL","2019-03-30T17:56:44.097"
"NA","AGRICULTURE","Others","Others","Weather","Weather Information Of Zila - ..............?                                                                                                                                    ","NA","UTTAR PRADESH","LUCKNOW","MAL","2019-03-30T18:02:02.463"
"NA","AGRICULTURE","Others","Others","Weather","Weather information of Mohanlalganj?
","NA","UTTAR PRADESH","LUCKNOW","MOHANLALGANJ","2019-03-30T18:28:17.457"
"NA","AGRICULTURE","Pulses","Bengal Gram (Gram/Chick Pea/Kabuli/Chana)","	Plant Protection	","Pod borer control information of Bengal Gram .......?","NA","UTTAR PRADESH","LUCKNOW","KAKORI","2019-03-30T19:17:06.357"
"NA","HORTICULTURE","Fruits","Mango","	Plant Protection	","DISCONNECTED","NA","UTTAR PRADESH","LUCKNOW","MAL","2019-03-30T20:01:21.49"
"NA","HORTICULTURE","Fruits","Mango","	Plant Protection	","plant protection in mango plant ..?","NA","UTTAR PRADESH","LUCKNOW","MAL","2019-03-30T20:25:02.867"
"NA","AGRICULTURE","Others","Others","Weather","Weather information of District-Lucknow.....? 
","NA","UTTAR PRADESH","LUCKNOW","GOSAIGANJ","2019-03-30T21:17:15.77"
"NA","HORTICULTURE","Fruits","Mango","Training and Exposure Visits","amrapali mango plant spacing ","NA","UTTAR PRADESH","LUCKNOW","MAL","2019-03-31T07:48:57.903"
"NA","HORTICULTURE","Fruits","Mango","Seeds and Planting Material","Information about mango cultivation....?","NA","UTTAR PRADESH","LUCKNOW","MAL","2019-03-31T07:57:57.373"
"NA","HORTICULTURE","Fruits","Mango","	Plant Protection	","Insect control in Mango leaf..?","NA","UTTAR PRADESH","LUCKNOW","MALIHABAD","2019-03-31T08:58:01.58"
"NA","AGRICULTURE","Others","Others","	Water Management	","water required in wheat crop ?","NA","UTTAR PRADESH","LUCKNOW","SAROJANINAGAR","2019-03-31T10:15:16.723"
"NA","AGRICULTURE","Cereals","Wheat","Weed Management","weed control in Field..?","NA","UTTAR PRADESH","LUCKNOW","BAKSHI-KA-TALAB","2019-03-31T13:01:31.377"
"NA","HORTICULTURE","Vegetables","Bottle Gourd ","	Plant Protection	","Lauki me kida laga hua hai ?","NA","UTTAR PRADESH","LUCKNOW","GOSAIGANJ","2019-03-31T14:15:22.447"
"NA","HORTICULTURE","Flowers","Rose","	Plant Protection	","About leaf spot problem in rose ..?","NA","UTTAR PRADESH","LUCKNOW","KAKORI","2019-03-31T15:11:39.353"
"NA","AGRICULTURE","Others","Others","Weather","Weather information in lucknow  district..?","NA","UTTAR PRADESH","LUCKNOW","KAKORI","2019-03-31T15:23:40.547"
"NA","AGRICULTURE","Others","Others","Weather","Information about Weather of Lucknow District .....?
","NA","UTTAR PRADESH","LUCKNOW","BAKSHI-KA-TALAB","2019-03-31T15:32:47.363"
"NA","AGRICULTURE","Pulses","Green Gram (Moong Bean/ Moong)","Sowing Time and Weather","Sowing time of green gram crop...?","NA","UTTAR PRADESH","LUCKNOW","MOHANLALGANJ","2019-03-31T16:01:38.86"
"NA","AGRICULTURE","Others","Others","Weather","Please Give Me Weather Information In Lucknow At Malihabad...?
","NA","UTTAR PRADESH","LUCKNOW","MALIHABAD","2019-03-31T17:01:52.7"
"NA","HORTICULTURE","Vegetables","Tomato","	Plant Protection	","Control for Blight in tomato ...?","NA","UTTAR PRADESH","LUCKNOW","MOHANLALGANJ","2019-03-31T17:57:06.043"
"NA","AGRICULTURE","Others","Others","Weather"," Please Give Me Weather Information In Lucknow At Itaunja...?
","NA","UTTAR PRADESH","LUCKNOW","BAKSHI-KA-TALAB","2019-03-31T18:07:26.6"
